country,question,mcm_score,universal_mcm_score,pew_rating,pew_score
United States,using contraceptives,-0.28686752915382385,-0.10303444415330887,"{'Morally acceptable': 0.5199600798403193, 'Not a moral issue': 0.36726546906187624, 'Morally unacceptable': 0.06087824351297405}",0.4590818363273453
United States,getting a divorce,-0.6001129746437073,-0.6848945021629333,"{'Morally acceptable': 0.3403193612774451, 'Not a moral issue': 0.36427145708582837, 'Morally unacceptable': 0.20758483033932135}",0.13273453093812376
United States,having an abortion,-0.6115703582763672,-0.7290788292884827,"{'Morally acceptable': 0.17465069860279442, 'Not a moral issue': 0.249500998003992, 'Morally unacceptable': 0.47105788423153694}",-0.2964071856287425
United States,homosexuality,0.21874600648880005,0.4466725289821625,"{'Morally acceptable': 0.2125748502994012, 'Not a moral issue': 0.35429141716566864, 'Morally unacceptable': 0.3712574850299401}",-0.1586826347305389
United States,drinking alcohol,-0.239002987742424,0.013909057714045048,"{'Morally acceptable': 0.33033932135728544, 'Not a moral issue': 0.4590818363273453, 'Morally unacceptable': 0.15269461077844312}",0.17764471057884232
United States,married people having an affair,-0.3430110812187195,-0.24185128509998322,"{'Morally acceptable': 0.03293413173652695, 'Not a moral issue': 0.10578842315369262, 'Morally unacceptable': 0.8353293413173652}",-0.8023952095808383
United States,gambling,-0.1674797683954239,-0.21771496534347534,"{'Morally acceptable': 0.249500998003992, 'Not a moral issue': 0.4750499001996008, 'Morally unacceptable': 0.23253493013972057}",0.016966067864271434
United States,sex between unmarried adults,-0.4075566828250885,-0.3198992609977722,"{'Morally acceptable': 0.27944111776447106, 'Not a moral issue': 0.3582834331337325, 'Morally unacceptable': 0.3203592814371258}",-0.04091816367265472
Czech Republic,using contraceptives,-0.1594691425561905,-0.10303444415330887,"{'Morally acceptable': 0.7414285714285714, 'Not a moral issue': 0.21428571428571427, 'Morally unacceptable': 0.022857142857142857}",0.7185714285714285
Czech Republic,getting a divorce,-0.476633220911026,-0.6848945021629333,"{'Morally acceptable': 0.6042857142857143, 'Not a moral issue': 0.21428571428571427, 'Morally unacceptable': 0.11}",0.49428571428571433
Czech Republic,having an abortion,-0.5443751811981201,-0.7290788292884827,"{'Morally acceptable': 0.48857142857142855, 'Not a moral issue': 0.18428571428571427, 'Morally unacceptable': 0.18}",0.30857142857142855
Czech Republic,homosexuality,0.19763462245464325,0.4466725289821625,"{'Morally acceptable': 0.56, 'Not a moral issue': 0.2671428571428571, 'Morally unacceptable': 0.13714285714285715}",0.42285714285714293
Czech Republic,drinking alcohol,-0.15686888992786407,0.013909057714045048,"{'Morally acceptable': 0.45571428571428574, 'Not a moral issue': 0.24285714285714285, 'Morally unacceptable': 0.21571428571428572}",0.24000000000000002
Czech Republic,married people having an affair,-0.22575581073760986,-0.24185128509998322,"{'Morally acceptable': 0.16714285714285715, 'Not a moral issue': 0.10428571428571429, 'Morally unacceptable': 0.6571428571428571}",-0.49
Czech Republic,gambling,-0.16257014870643616,-0.21771496534347534,"{'Morally acceptable': 0.11428571428571428, 'Not a moral issue': 0.18714285714285714, 'Morally unacceptable': 0.6528571428571428}",-0.5385714285714285
Czech Republic,sex between unmarried adults,-0.3155808448791504,-0.3198992609977722,"{'Morally acceptable': 0.6714285714285714, 'Not a moral issue': 0.18142857142857144, 'Morally unacceptable': 0.10428571428571429}",0.5671428571428571
South Korea,using contraceptives,-0.15600383281707764,-0.10303444415330887,"{'Morally acceptable': 0.4820766378244747, 'Not a moral issue': 0.2546353522867738, 'Morally unacceptable': 0.15698393077873918}",0.3250927070457355
South Korea,getting a divorce,-0.517074704170227,-0.6848945021629333,"{'Morally acceptable': 0.30902348578491967, 'Not a moral issue': 0.2830655129789864, 'Morally unacceptable': 0.273176761433869}",0.035846724351050685
South Korea,having an abortion,-0.5704370141029358,-0.7290788292884827,"{'Morally acceptable': 0.1841779975278121, 'Not a moral issue': 0.11248454882571075, 'Morally unacceptable': 0.5896168108776267}",-0.40543881334981463
South Korea,homosexuality,0.2632768750190735,0.4466725289821625,"{'Morally acceptable': 0.17058096415327564, 'Not a moral issue': 0.19777503090234858, 'Morally unacceptable': 0.595797280593325}",-0.4252163164400494
South Korea,drinking alcohol,-0.11566965281963348,0.013909057714045048,"{'Morally acceptable': 0.33498145859085293, 'Not a moral issue': 0.34981458590852904, 'Morally unacceptable': 0.22249690976514216}",0.11248454882571077
South Korea,married people having an affair,-0.24990399181842804,-0.24185128509998322,"{'Morally acceptable': 0.08281829419035847, 'Not a moral issue': 0.07911001236093942, 'Morally unacceptable': 0.8059332509270705}",-0.723114956736712
South Korea,gambling,-0.20099763572216034,-0.21771496534347534,"{'Morally acceptable': 0.06798516687268233, 'Not a moral issue': 0.11495673671199011, 'Morally unacceptable': 0.7898640296662547}",-0.7218788627935724
South Korea,sex between unmarried adults,-0.32849061489105225,-0.3198992609977722,"{'Morally acceptable': 0.27070457354758964, 'Not a moral issue': 0.276885043263288, 'Morally unacceptable': 0.3683559950556242}",-0.09765142150803457
Canada,using contraceptives,-0.4163912236690521,-0.10303444415330887,"{'Morally acceptable': 0.4921540656205421, 'Not a moral issue': 0.43081312410841655, 'Morally unacceptable': 0.037089871611982884}",0.4550641940085592
Canada,getting a divorce,-0.731144905090332,-0.6848945021629333,"{'Morally acceptable': 0.369472182596291, 'Not a moral issue': 0.4693295292439372, 'Morally unacceptable': 0.09415121255349501}",0.275320970042796
Canada,having an abortion,-0.7335332632064819,-0.7290788292884827,"{'Morally acceptable': 0.2653352353780314, 'Not a moral issue': 0.3666191155492154, 'Morally unacceptable': 0.25392296718972895}",0.011412268188302432
Canada,homosexuality,0.11668352782726288,0.4466725289821625,"{'Morally acceptable': 0.2995720399429387, 'Not a moral issue': 0.4921540656205421, 'Morally unacceptable': 0.15834522111269614}",0.14122681883024255
Canada,drinking alcohol,-0.3626660108566284,0.013909057714045048,"{'Morally acceptable': 0.31098430813124106, 'Not a moral issue': 0.5634807417974322, 'Morally unacceptable': 0.09272467902995721}",0.21825962910128385
Canada,married people having an affair,-0.465570867061615,-0.24185128509998322,"{'Morally acceptable': 0.039942938659058486, 'Not a moral issue': 0.17403708987161198, 'Morally unacceptable': 0.7532097004279601}",-0.7132667617689016
Canada,gambling,-0.35691460967063904,-0.21771496534347534,"{'Morally acceptable': 0.1840228245363766, 'Not a moral issue': 0.543509272467903, 'Morally unacceptable': 0.23680456490727533}",-0.05278174037089872
Canada,sex between unmarried adults,-0.4996105134487152,-0.3198992609977722,"{'Morally acceptable': 0.34522111269614836, 'Not a moral issue': 0.46790299572039945, 'Morally unacceptable': 0.15263908701854492}",0.19258202567760344
France,using contraceptives,-0.12506577372550964,-0.10303444415330887,"{'Morally acceptable': 0.5408366533864541, 'Not a moral issue': 0.4302788844621514, 'Morally unacceptable': 0.02888446215139442}",0.5119521912350598
France,getting a divorce,-0.5561639070510864,-0.6848945021629333,"{'Morally acceptable': 0.4213147410358566, 'Not a moral issue': 0.5338645418326693, 'Morally unacceptable': 0.043824701195219126}",0.37749003984063745
France,having an abortion,-0.49545052647590637,-0.7290788292884827,"{'Morally acceptable': 0.37350597609561753, 'Not a moral issue': 0.4960159362549801, 'Morally unacceptable': 0.12350597609561753}",0.25
France,homosexuality,0.26868176460266113,0.4466725289821625,"{'Morally acceptable': 0.3565737051792829, 'Not a moral issue': 0.5249003984063745, 'Morally unacceptable': 0.11852589641434264}",0.23804780876494025
France,drinking alcohol,-0.094334676861763,0.013909057714045048,"{'Morally acceptable': 0.2639442231075697, 'Not a moral issue': 0.5906374501992032, 'Morally unacceptable': 0.13844621513944222}",0.1254980079681275
France,married people having an affair,-0.22064337134361267,-0.24185128509998322,"{'Morally acceptable': 0.12151394422310757, 'Not a moral issue': 0.4063745019920319, 'Morally unacceptable': 0.4711155378486056}",-0.34960159362549803
France,gambling,-0.09423571825027466,-0.21771496534347534,"{'Morally acceptable': 0.2968127490039841, 'Not a moral issue': 0.5687250996015937, 'Morally unacceptable': 0.13346613545816732}",0.16334661354581675
France,sex between unmarried adults,-0.33888277411460876,-0.3198992609977722,"{'Morally acceptable': 0.4591633466135458, 'Not a moral issue': 0.4910358565737052, 'Morally unacceptable': 0.04880478087649402}",0.41035856573705176
Germany,using contraceptives,-0.6546587944030762,-0.10303444415330887,"{'Morally acceptable': 0.6702439024390244, 'Not a moral issue': 0.3092682926829268, 'Morally unacceptable': 0.00878048780487805}",0.6614634146341464
Germany,getting a divorce,-0.8448077440261841,-0.6848945021629333,"{'Morally acceptable': 0.5629268292682926, 'Not a moral issue': 0.3726829268292683, 'Morally unacceptable': 0.041951219512195125}",0.5209756097560975
Germany,having an abortion,-0.8934081196784973,-0.7290788292884827,"{'Morally acceptable': 0.44878048780487806, 'Not a moral issue': 0.26926829268292685, 'Morally unacceptable': 0.16585365853658537}",0.2829268292682927
Germany,homosexuality,-0.03011612966656685,0.4466725289821625,"{'Morally acceptable': 0.504390243902439, 'Not a moral issue': 0.42048780487804877, 'Morally unacceptable': 0.05658536585365854}",0.4478048780487805
Germany,drinking alcohol,-0.5465866923332214,0.013909057714045048,"{'Morally acceptable': 0.4117073170731707, 'Not a moral issue': 0.44, 'Morally unacceptable': 0.09951219512195122}",0.31219512195121946
Germany,married people having an affair,-0.6235233545303345,-0.24185128509998322,"{'Morally acceptable': 0.12292682926829268, 'Not a moral issue': 0.22829268292682928, 'Morally unacceptable': 0.6165853658536585}",-0.49365853658536585
Germany,gambling,-0.5963674783706665,-0.21771496534347534,"{'Morally acceptable': 0.24780487804878049, 'Not a moral issue': 0.4292682926829268, 'Morally unacceptable': 0.29560975609756096}",-0.047804878048780475
Germany,sex between unmarried adults,-0.6410053372383118,-0.3198992609977722,"{'Morally acceptable': 0.5814634146341463, 'Not a moral issue': 0.3570731707317073, 'Morally unacceptable': 0.04}",0.5414634146341463
Spain,using contraceptives,-0.07455883175134659,-0.10303444415330887,"{'Morally acceptable': 0.64, 'Not a moral issue': 0.323, 'Morally unacceptable': 0.024}",0.616
Spain,getting a divorce,-0.4626307785511017,-0.6848945021629333,"{'Morally acceptable': 0.564, 'Not a moral issue': 0.376, 'Morally unacceptable': 0.042}",0.5219999999999999
Spain,having an abortion,-0.47025662660598755,-0.7290788292884827,"{'Morally acceptable': 0.357, 'Not a moral issue': 0.285, 'Morally unacceptable': 0.257}",0.09999999999999998
Spain,homosexuality,0.33875182271003723,0.4466725289821625,"{'Morally acceptable': 0.547, 'Not a moral issue': 0.38, 'Morally unacceptable': 0.062}",0.48500000000000004
Spain,drinking alcohol,-0.05522295460104942,0.013909057714045048,"{'Morally acceptable': 0.273, 'Not a moral issue': 0.461, 'Morally unacceptable': 0.217}",0.05600000000000002
Spain,married people having an affair,-0.18209509551525116,-0.24185128509998322,"{'Morally acceptable': 0.075, 'Not a moral issue': 0.271, 'Morally unacceptable': 0.636}",-0.561
Spain,gambling,-0.05485602468252182,-0.21771496534347534,"{'Morally acceptable': 0.176, 'Not a moral issue': 0.51, 'Morally unacceptable': 0.274}",-0.09800000000000003
Spain,sex between unmarried adults,-0.3083982467651367,-0.3198992609977722,"{'Morally acceptable': 0.523, 'Not a moral issue': 0.391, 'Morally unacceptable': 0.08}",0.443
Mexico,using contraceptives,-0.420150488615036,-0.10303444415330887,"{'Morally acceptable': 0.615, 'Not a moral issue': 0.194, 'Morally unacceptable': 0.135}",0.48
Mexico,getting a divorce,-0.6791169047355652,-0.6848945021629333,"{'Morally acceptable': 0.406, 'Not a moral issue': 0.16, 'Morally unacceptable': 0.329}",0.07700000000000001
Mexico,having an abortion,-0.6997520923614502,-0.7290788292884827,"{'Morally acceptable': 0.152, 'Not a moral issue': 0.12, 'Morally unacceptable': 0.622}",-0.47
Mexico,homosexuality,0.10858244448900223,0.4466725289821625,"{'Morally acceptable': 0.352, 'Not a moral issue': 0.164, 'Morally unacceptable': 0.4}",-0.04800000000000004
Mexico,drinking alcohol,-0.33136579394340515,0.013909057714045048,"{'Morally acceptable': 0.218, 'Not a moral issue': 0.305, 'Morally unacceptable': 0.406}",-0.18800000000000003
Mexico,married people having an affair,-0.43811365962028503,-0.24185128509998322,"{'Morally acceptable': 0.095, 'Not a moral issue': 0.117, 'Morally unacceptable': 0.728}",-0.633
Mexico,gambling,-0.39609473943710327,-0.21771496534347534,"{'Morally acceptable': 0.132, 'Not a moral issue': 0.298, 'Morally unacceptable': 0.492}",-0.36
Mexico,sex between unmarried adults,-0.511224627494812,-0.3198992609977722,"{'Morally acceptable': 0.263, 'Not a moral issue': 0.208, 'Morally unacceptable': 0.434}",-0.17099999999999999
Chile,using contraceptives,-0.2720183730125427,-0.10303444415330887,"{'Morally acceptable': 0.76625, 'Not a moral issue': 0.1525, 'Morally unacceptable': 0.05875}",0.7075
Chile,getting a divorce,-0.6099784970283508,-0.6848945021629333,"{'Morally acceptable': 0.66375, 'Not a moral issue': 0.14625, 'Morally unacceptable': 0.16375}",0.49999999999999994
Chile,having an abortion,-0.655197262763977,-0.7290788292884827,"{'Morally acceptable': 0.16375, 'Not a moral issue': 0.09625, 'Morally unacceptable': 0.61625}",-0.45249999999999996
Chile,homosexuality,0.16920454800128937,0.4466725289821625,"{'Morally acceptable': 0.465, 'Not a moral issue': 0.12625, 'Morally unacceptable': 0.3125}",0.15250000000000002
Chile,drinking alcohol,-0.32173463702201843,0.013909057714045048,"{'Morally acceptable': 0.3, 'Not a moral issue': 0.29375, 'Morally unacceptable': 0.315}",-0.015000000000000013
Chile,married people having an affair,-0.37028032541275024,-0.24185128509998322,"{'Morally acceptable': 0.12625, 'Not a moral issue': 0.14625, 'Morally unacceptable': 0.675}",-0.5487500000000001
Chile,gambling,-0.2783287465572357,-0.21771496534347534,"{'Morally acceptable': 0.16375, 'Not a moral issue': 0.26625, 'Morally unacceptable': 0.46875}",-0.305
Chile,sex between unmarried adults,-0.424108624458313,-0.3198992609977722,"{'Morally acceptable': 0.56625, 'Not a moral issue': 0.2375, 'Morally unacceptable': 0.12625}",0.44000000000000006
Australia,using contraceptives,-0.27941951155662537,-0.10303444415330887,"{'Morally acceptable': 0.5975, 'Not a moral issue': 0.35, 'Morally unacceptable': 0.03}",0.5675
Australia,getting a divorce,-0.6661803722381592,-0.6848945021629333,"{'Morally acceptable': 0.47125, 'Not a moral issue': 0.41375, 'Morally unacceptable': 0.06875}",0.40249999999999997
Australia,having an abortion,-0.6736632585525513,-0.7290788292884827,"{'Morally acceptable': 0.3225, 'Not a moral issue': 0.3, 'Morally unacceptable': 0.2425}",0.08000000000000002
Australia,homosexuality,0.1688479483127594,0.4466725289821625,"{'Morally acceptable': 0.3425, 'Not a moral issue': 0.44125, 'Morally unacceptable': 0.17}",0.17250000000000001
Australia,drinking alcohol,-0.2798171937465668,0.013909057714045048,"{'Morally acceptable': 0.38875, 'Not a moral issue': 0.45, 'Morally unacceptable': 0.08875}",0.3
Australia,married people having an affair,-0.40758344531059265,-0.24185128509998322,"{'Morally acceptable': 0.04625, 'Not a moral issue': 0.12125, 'Morally unacceptable': 0.7975}",-0.75125
Australia,gambling,-0.28073379397392273,-0.21771496534347534,"{'Morally acceptable': 0.1975, 'Not a moral issue': 0.37125, 'Morally unacceptable': 0.35375}",-0.15625
Australia,sex between unmarried adults,-0.44201916456222534,-0.3198992609977722,"{'Morally acceptable': 0.3825, 'Not a moral issue': 0.445, 'Morally unacceptable': 0.1375}",0.245
Russia,using contraceptives,-0.6079973578453064,-0.10303444415330887,"{'Morally acceptable': 0.6285140562248996, 'Not a moral issue': 0.19176706827309237, 'Morally unacceptable': 0.07028112449799197}",0.5582329317269077
Russia,getting a divorce,-0.8173515200614929,-0.6848945021629333,"{'Morally acceptable': 0.464859437751004, 'Not a moral issue': 0.12650602409638553, 'Morally unacceptable': 0.22088353413654618}",0.24397590361445784
Russia,having an abortion,-0.8341936469078064,-0.7290788292884827,"{'Morally acceptable': 0.2459839357429719, 'Not a moral issue': 0.10341365461847389, 'Morally unacceptable': 0.4387550200803213}",-0.1927710843373494
Russia,homosexuality,-0.037649914622306824,0.4466725289821625,"{'Morally acceptable': 0.09738955823293173, 'Not a moral issue': 0.09337349397590361, 'Morally unacceptable': 0.7188755020080321}",-0.6214859437751004
Russia,drinking alcohol,-0.5266862511634827,0.013909057714045048,"{'Morally acceptable': 0.26305220883534136, 'Not a moral issue': 0.1285140562248996, 'Morally unacceptable': 0.4387550200803213}",-0.17570281124497994
Russia,married people having an affair,-0.6214991807937622,-0.24185128509998322,"{'Morally acceptable': 0.07329317269076305, 'Not a moral issue': 0.0893574297188755, 'Morally unacceptable': 0.6897590361445783}",-0.6164658634538153
Russia,gambling,-0.60934978723526,-0.21771496534347534,"{'Morally acceptable': 0.10441767068273092, 'Not a moral issue': 0.19076305220883535, 'Morally unacceptable': 0.6094377510040161}",-0.5050200803212852
Russia,sex between unmarried adults,-0.6109804511070251,-0.3198992609977722,"{'Morally acceptable': 0.4046184738955823, 'Not a moral issue': 0.10240963855421686, 'Morally unacceptable': 0.30120481927710846}",0.10341365461847385
Britain,using contraceptives,-0.24631915986537933,-0.10303444415330887,"{'Morally acceptable': 0.6284584980237155, 'Not a moral issue': 0.30533596837944665, 'Morally unacceptable': 0.030632411067193676}",0.5978260869565217
Britain,getting a divorce,-0.6533318758010864,-0.6848945021629333,"{'Morally acceptable': 0.41699604743083, 'Not a moral issue': 0.4051383399209486, 'Morally unacceptable': 0.08893280632411067}",0.32806324110671936
Britain,having an abortion,-0.5985347032546997,-0.7290788292884827,"{'Morally acceptable': 0.2628458498023715, 'Not a moral issue': 0.2816205533596838, 'Morally unacceptable': 0.2440711462450593}",0.018774703557312228
Britain,homosexuality,0.26453307271003723,0.4466725289821625,"{'Morally acceptable': 0.34980237154150196, 'Not a moral issue': 0.4268774703557312, 'Morally unacceptable': 0.17490118577075098}",0.17490118577075098
Britain,drinking alcohol,-0.14048245549201965,0.013909057714045048,"{'Morally acceptable': 0.383399209486166, 'Not a moral issue': 0.45849802371541504, 'Morally unacceptable': 0.09090909090909091}",0.2924901185770751
Britain,married people having an affair,-0.38663509488105774,-0.24185128509998322,"{'Morally acceptable': 0.040513833992094864, 'Not a moral issue': 0.1590909090909091, 'Morally unacceptable': 0.7450592885375494}",-0.7045454545454546
Britain,gambling,-0.30676618218421936,-0.21771496534347534,"{'Morally acceptable': 0.21936758893280633, 'Not a moral issue': 0.44565217391304346, 'Morally unacceptable': 0.26679841897233203}",-0.047430830039525695
Britain,sex between unmarried adults,-0.40898314118385315,-0.3198992609977722,"{'Morally acceptable': 0.3804347826086957, 'Not a moral issue': 0.43478260869565216, 'Morally unacceptable': 0.13142292490118576}",0.24901185770750991
Turkey,using contraceptives,-0.5913970470428467,-0.10303444415330887,"{'Morally acceptable': 0.408, 'Not a moral issue': 0.226, 'Morally unacceptable': 0.21}",0.19799999999999998
Turkey,getting a divorce,-0.8603928089141846,-0.6848945021629333,"{'Morally acceptable': 0.304, 'Not a moral issue': 0.25, 'Morally unacceptable': 0.279}",0.024999999999999967
Turkey,having an abortion,-0.9039040207862854,-0.7290788292884827,"{'Morally acceptable': 0.155, 'Not a moral issue': 0.163, 'Morally unacceptable': 0.528}",-0.373
Turkey,homosexuality,0.015368864871561527,0.4466725289821625,"{'Morally acceptable': 0.068, 'Not a moral issue': 0.096, 'Morally unacceptable': 0.749}",-0.681
Turkey,drinking alcohol,-0.5132285356521606,0.013909057714045048,"{'Morally acceptable': 0.111, 'Not a moral issue': 0.186, 'Morally unacceptable': 0.655}",-0.544
Turkey,married people having an affair,-0.5607125163078308,-0.24185128509998322,"{'Morally acceptable': 0.02, 'Not a moral issue': 0.04, 'Morally unacceptable': 0.919}",-0.899
Turkey,gambling,-0.6447581052780151,-0.21771496534347534,"{'Morally acceptable': 0.064, 'Not a moral issue': 0.152, 'Morally unacceptable': 0.749}",-0.685
Turkey,sex between unmarried adults,-0.6229166388511658,-0.3198992609977722,"{'Morally acceptable': 0.057, 'Not a moral issue': 0.051, 'Morally unacceptable': 0.867}",-0.8099999999999999
Greece,using contraceptives,-0.36760571599006653,-0.10303444415330887,"{'Morally acceptable': 0.445, 'Not a moral issue': 0.334, 'Morally unacceptable': 0.142}",0.30300000000000005
Greece,getting a divorce,-0.7064256072044373,-0.6848945021629333,"{'Morally acceptable': 0.418, 'Not a moral issue': 0.277, 'Morally unacceptable': 0.185}",0.23299999999999998
Greece,having an abortion,-0.7278984785079956,-0.7290788292884827,"{'Morally acceptable': 0.159, 'Not a moral issue': 0.113, 'Morally unacceptable': 0.54}",-0.381
Greece,homosexuality,0.17812298238277435,0.4466725289821625,"{'Morally acceptable': 0.237, 'Not a moral issue': 0.236, 'Morally unacceptable': 0.447}",-0.21000000000000002
Greece,drinking alcohol,-0.31137555837631226,0.013909057714045048,"{'Morally acceptable': 0.219, 'Not a moral issue': 0.471, 'Morally unacceptable': 0.229}",-0.010000000000000009
Greece,married people having an affair,-0.3849053680896759,-0.24185128509998322,"{'Morally acceptable': 0.048, 'Not a moral issue': 0.115, 'Morally unacceptable': 0.785}",-0.737
Greece,gambling,-0.4026372730731964,-0.21771496534347534,"{'Morally acceptable': 0.074, 'Not a moral issue': 0.365, 'Morally unacceptable': 0.52}",-0.446
Greece,sex between unmarried adults,-0.4419200122356415,-0.3198992609977722,"{'Morally acceptable': 0.594, 'Not a moral issue': 0.274, 'Morally unacceptable': 0.11}",0.484
Egypt,using contraceptives,-0.43311619758605957,-0.10303444415330887,"{'Morally acceptable': 0.35, 'Not a moral issue': 0.361, 'Morally unacceptable': 0.067}",0.283
Egypt,getting a divorce,-0.7059802412986755,-0.6848945021629333,"{'Morally acceptable': 0.512, 'Not a moral issue': 0.296, 'Morally unacceptable': 0.07}",0.442
Egypt,having an abortion,-0.7372387647628784,-0.7290788292884827,"{'Morally acceptable': 0.05, 'Not a moral issue': 0.222, 'Morally unacceptable': 0.621}",-0.571
Egypt,homosexuality,0.13404805958271027,0.4466725289821625,"{'Morally acceptable': 0.013, 'Not a moral issue': 0.013, 'Morally unacceptable': 0.949}",-0.9359999999999999
Egypt,drinking alcohol,-0.39648452401161194,0.013909057714045048,"{'Morally acceptable': 0.045, 'Not a moral issue': 0.128, 'Morally unacceptable': 0.752}",-0.707
Egypt,married people having an affair,-0.4394122362136841,-0.24185128509998322,"{'Morally acceptable': 0.019, 'Not a moral issue': 0.042, 'Morally unacceptable': 0.928}",-0.909
Egypt,gambling,-0.4934193193912506,-0.21771496534347534,"{'Morally acceptable': 0.026, 'Not a moral issue': 0.054, 'Morally unacceptable': 0.907}",-0.881
Egypt,sex between unmarried adults,-0.5035560727119446,-0.3198992609977722,"{'Morally acceptable': 0.023, 'Not a moral issue': 0.062, 'Morally unacceptable': 0.902}",-0.879
Poland,using contraceptives,-0.28457334637641907,-0.10303444415330887,"{'Morally acceptable': 0.47875, 'Not a moral issue': 0.24125, 'Morally unacceptable': 0.16625}",0.3125
Poland,getting a divorce,-0.634224534034729,-0.6848945021629333,"{'Morally acceptable': 0.35625, 'Not a moral issue': 0.2475, 'Morally unacceptable': 0.215}",0.14125000000000001
Poland,having an abortion,-0.688930094242096,-0.7290788292884827,"{'Morally acceptable': 0.1375, 'Not a moral issue': 0.12625, 'Morally unacceptable': 0.46875}",-0.33125
Poland,homosexuality,0.266803115606308,0.4466725289821625,"{'Morally acceptable': 0.2175, 'Not a moral issue': 0.265, 'Morally unacceptable': 0.4225}",-0.205
Poland,drinking alcohol,-0.2474052906036377,0.013909057714045048,"{'Morally acceptable': 0.37125, 'Not a moral issue': 0.34125, 'Morally unacceptable': 0.165}",0.20625000000000002
Poland,married people having an affair,-0.35554346442222595,-0.24185128509998322,"{'Morally acceptable': 0.095, 'Not a moral issue': 0.125, 'Morally unacceptable': 0.705}",-0.61
Poland,gambling,-0.3209747076034546,-0.21771496534347534,"{'Morally acceptable': 0.21625, 'Not a moral issue': 0.38, 'Morally unacceptable': 0.325}",-0.10875000000000001
Poland,sex between unmarried adults,-0.4203433096408844,-0.3198992609977722,"{'Morally acceptable': 0.43875, 'Not a moral issue': 0.2225, 'Morally unacceptable': 0.2175}",0.22124999999999997
Senegal,using contraceptives,-0.2934862971305847,-0.10303444415330887,"{'Morally acceptable': 0.5125, 'Not a moral issue': 0.11375, 'Morally unacceptable': 0.28125}",0.23124999999999996
Senegal,getting a divorce,-0.6465675830841064,-0.6848945021629333,"{'Morally acceptable': 0.35, 'Not a moral issue': 0.1575, 'Morally unacceptable': 0.3175}",0.03249999999999997
Senegal,having an abortion,-0.6874350905418396,-0.7290788292884827,"{'Morally acceptable': 0.145, 'Not a moral issue': 0.22125, 'Morally unacceptable': 0.5225}",-0.37749999999999995
Senegal,homosexuality,0.17851777374744415,0.4466725289821625,"{'Morally acceptable': 0.03125, 'Not a moral issue': 0.26125, 'Morally unacceptable': 0.68375}",-0.6525
Senegal,drinking alcohol,-0.3314690887928009,0.013909057714045048,"{'Morally acceptable': 0.0925, 'Not a moral issue': 0.23875, 'Morally unacceptable': 0.625}",-0.5325
Senegal,married people having an affair,-0.3873273432254791,-0.24185128509998322,"{'Morally acceptable': 0.0475, 'Not a moral issue': 0.2425, 'Morally unacceptable': 0.68375}",-0.63625
Senegal,gambling,-0.2583331763744354,-0.21771496534347534,"{'Morally acceptable': 0.06875, 'Not a moral issue': 0.21375, 'Morally unacceptable': 0.63}",-0.56125
Senegal,sex between unmarried adults,-0.4830934405326843,-0.3198992609977722,"{'Morally acceptable': 0.06375, 'Not a moral issue': 0.2575, 'Morally unacceptable': 0.6325}",-0.56875
Italy,using contraceptives,-0.21695733070373535,-0.10303444415330887,"{'Morally acceptable': 0.6063348416289592, 'Not a moral issue': 0.29321266968325793, 'Morally unacceptable': 0.048868778280542986}",0.5574660633484162
Italy,getting a divorce,-0.5651348233222961,-0.6848945021629333,"{'Morally acceptable': 0.5040723981900452, 'Not a moral issue': 0.2253393665158371, 'Morally unacceptable': 0.16832579185520363}",0.3357466063348416
Italy,having an abortion,-0.5774271488189697,-0.7290788292884827,"{'Morally acceptable': 0.25882352941176473, 'Not a moral issue': 0.11402714932126697, 'Morally unacceptable': 0.4072398190045249}",-0.14841628959276015
Italy,homosexuality,0.15288804471492767,0.4466725289821625,"{'Morally acceptable': 0.4579185520361991, 'Not a moral issue': 0.31493212669683257, 'Morally unacceptable': 0.16470588235294117}",0.2932126696832579
Italy,drinking alcohol,-0.17520515620708466,0.013909057714045048,"{'Morally acceptable': 0.15475113122171946, 'Not a moral issue': 0.4850678733031674, 'Morally unacceptable': 0.27963800904977376}",-0.1248868778280543
Italy,married people having an affair,-0.31475594639778137,-0.24185128509998322,"{'Morally acceptable': 0.10407239819004525, 'Not a moral issue': 0.16108597285067874, 'Morally unacceptable': 0.6407239819004525}",-0.5366515837104073
Italy,gambling,-0.1667683869600296,-0.21771496534347534,"{'Morally acceptable': 0.12941176470588237, 'Not a moral issue': 0.46153846153846156, 'Morally unacceptable': 0.3411764705882353}",-0.21176470588235294
Italy,sex between unmarried adults,-0.36495864391326904,-0.3198992609977722,"{'Morally acceptable': 0.4452488687782805, 'Not a moral issue': 0.39547511312217193, 'Morally unacceptable': 0.10226244343891402}",0.3429864253393665
Brazil,using contraceptives,-0.23022782802581787,-0.10303444415330887,"{'Morally acceptable': 0.7895833333333333, 'Not a moral issue': 0.11354166666666667, 'Morally unacceptable': 0.08020833333333334}",0.709375
Brazil,getting a divorce,-0.5952625870704651,-0.6848945021629333,"{'Morally acceptable': 0.615625, 'Not a moral issue': 0.1, 'Morally unacceptable': 0.240625}",0.375
Brazil,having an abortion,-0.6247636079788208,-0.7290788292884827,"{'Morally acceptable': 0.07083333333333333, 'Not a moral issue': 0.09270833333333334, 'Morally unacceptable': 0.7947916666666667}",-0.7239583333333334
Brazil,homosexuality,0.21477626264095306,0.4466725289821625,"{'Morally acceptable': 0.4395833333333333, 'Not a moral issue': 0.140625, 'Morally unacceptable': 0.3875}",0.052083333333333315
Brazil,drinking alcohol,-0.31078457832336426,0.013909057714045048,"{'Morally acceptable': 0.2947916666666667, 'Not a moral issue': 0.203125, 'Morally unacceptable': 0.46979166666666666}",-0.175
Brazil,married people having an affair,-0.3285038471221924,-0.24185128509998322,"{'Morally acceptable': 0.057291666666666664, 'Not a moral issue': 0.0875, 'Morally unacceptable': 0.8364583333333333}",-0.7791666666666667
Brazil,gambling,-0.2737831473350525,-0.21771496534347534,"{'Morally acceptable': 0.14583333333333334, 'Not a moral issue': 0.19270833333333334, 'Morally unacceptable': 0.6416666666666667}",-0.49583333333333335
Brazil,sex between unmarried adults,-0.40339893102645874,-0.3198992609977722,"{'Morally acceptable': 0.4739583333333333, 'Not a moral issue': 0.13958333333333334, 'Morally unacceptable': 0.35}",0.12395833333333334
Lebanon,using contraceptives,-0.18139493465423584,-0.10303444415330887,"{'Morally acceptable': 0.343, 'Not a moral issue': 0.306, 'Morally unacceptable': 0.127}",0.21600000000000003
Lebanon,getting a divorce,-0.5678444504737854,-0.6848945021629333,"{'Morally acceptable': 0.481, 'Not a moral issue': 0.276, 'Morally unacceptable': 0.094}",0.387
Lebanon,having an abortion,-0.5547962188720703,-0.7290788292884827,"{'Morally acceptable': 0.078, 'Not a moral issue': 0.183, 'Morally unacceptable': 0.564}",-0.48599999999999993
Lebanon,homosexuality,0.30720463395118713,0.4466725289821625,"{'Morally acceptable': 0.07, 'Not a moral issue': 0.109, 'Morally unacceptable': 0.796}",-0.726
Lebanon,drinking alcohol,-0.10961059480905533,0.013909057714045048,"{'Morally acceptable': 0.25, 'Not a moral issue': 0.21, 'Morally unacceptable': 0.511}",-0.261
Lebanon,married people having an affair,-0.2580811083316803,-0.24185128509998322,"{'Morally acceptable': 0.002, 'Not a moral issue': 0.033, 'Morally unacceptable': 0.916}",-0.914
Lebanon,gambling,-0.19493888318538666,-0.21771496534347534,"{'Morally acceptable': 0.042, 'Not a moral issue': 0.165, 'Morally unacceptable': 0.771}",-0.729
Lebanon,sex between unmarried adults,-0.35505491495132446,-0.3198992609977722,"{'Morally acceptable': 0.051, 'Not a moral issue': 0.084, 'Morally unacceptable': 0.811}",-0.76
Nigeria,using contraceptives,-0.38884487748146057,-0.10303444415330887,"{'Morally acceptable': 0.18525703200775945, 'Not a moral issue': 0.1367604267701261, 'Morally unacceptable': 0.5286129970902037}",-0.34335596508244426
Nigeria,getting a divorce,-0.7179161906242371,-0.6848945021629333,"{'Morally acceptable': 0.1309408341416101, 'Not a moral issue': 0.11639185257032007, 'Morally unacceptable': 0.6159068865179438}",-0.4849660523763337
Nigeria,having an abortion,-0.7498708367347717,-0.7290788292884827,"{'Morally acceptable': 0.01745877788554801, 'Not a moral issue': 0.0979631425800194, 'Morally unacceptable': 0.8079534432589719}",-0.7904946653734238
Nigeria,homosexuality,0.13874556124210358,0.4466725289821625,"{'Morally acceptable': 0.01066925315227934, 'Not a moral issue': 0.11445198836081474, 'Morally unacceptable': 0.8535402521823472}",-0.8428709990300679
Nigeria,drinking alcohol,-0.4240240752696991,0.013909057714045048,"{'Morally acceptable': 0.07662463627546072, 'Not a moral issue': 0.1784675072744908, 'Morally unacceptable': 0.6585838991270611}",-0.5819592628516004
Nigeria,married people having an affair,-0.4525461792945862,-0.24185128509998322,"{'Morally acceptable': 0.06789524733268672, 'Not a moral issue': 0.11154219204655674, 'Morally unacceptable': 0.7817652764306499}",-0.7138700290979632
Nigeria,gambling,-0.45930352807044983,-0.21771496534347534,"{'Morally acceptable': 0.01066925315227934, 'Not a moral issue': 0.1658583899127061, 'Morally unacceptable': 0.7730358874878759}",-0.7623666343355966
Nigeria,sex between unmarried adults,-0.500722348690033,-0.3198992609977722,"{'Morally acceptable': 0.03297769156159069, 'Not a moral issue': 0.1338506304558681, 'Morally unacceptable': 0.7565470417070805}",-0.7235693501454898
Japan,using contraceptives,-0.24167540669441223,-0.10303444415330887,"{'Morally acceptable': 0.7071428571428572, 'Not a moral issue': 0.2057142857142857, 'Morally unacceptable': 0.045714285714285714}",0.6614285714285715
Japan,getting a divorce,-0.6414691805839539,-0.6848945021629333,"{'Morally acceptable': 0.5428571428571428, 'Not a moral issue': 0.2885714285714286, 'Morally unacceptable': 0.11714285714285715}",0.42571428571428566
Japan,having an abortion,-0.6436012983322144,-0.7290788292884827,"{'Morally acceptable': 0.44571428571428573, 'Not a moral issue': 0.20142857142857143, 'Morally unacceptable': 0.27285714285714285}",0.17285714285714288
Japan,homosexuality,0.253206729888916,0.4466725289821625,"{'Morally acceptable': 0.37714285714285717, 'Not a moral issue': 0.26857142857142857, 'Morally unacceptable': 0.3}",0.07714285714285718
Japan,drinking alcohol,-0.22090385854244232,0.013909057714045048,"{'Morally acceptable': 0.6557142857142857, 'Not a moral issue': 0.25857142857142856, 'Morally unacceptable': 0.05857142857142857}",0.5971428571428571
Japan,married people having an affair,-0.28750351071357727,-0.24185128509998322,"{'Morally acceptable': 0.12571428571428572, 'Not a moral issue': 0.15, 'Morally unacceptable': 0.68}",-0.5542857142857143
Japan,gambling,-0.26666080951690674,-0.21771496534347534,"{'Morally acceptable': 0.3628571428571429, 'Not a moral issue': 0.29, 'Morally unacceptable': 0.3057142857142857}",0.05714285714285716
Japan,sex between unmarried adults,-0.40560680627822876,-0.3198992609977722,"{'Morally acceptable': 0.47285714285714286, 'Not a moral issue': 0.2757142857142857, 'Morally unacceptable': 0.19857142857142857}",0.2742857142857143
Malaysia,using contraceptives,-0.2269079089164734,-0.10303444415330887,"{'Morally acceptable': 0.21532846715328466, 'Not a moral issue': 0.23357664233576642, 'Morally unacceptable': 0.38929440389294406}",-0.1739659367396594
Malaysia,getting a divorce,-0.632820188999176,-0.6848945021629333,"{'Morally acceptable': 0.170316301703163, 'Not a moral issue': 0.22019464720194648, 'Morally unacceptable': 0.4416058394160584}",-0.27128953771289543
Malaysia,having an abortion,-0.6530261039733887,-0.7290788292884827,"{'Morally acceptable': 0.037712895377128956, 'Not a moral issue': 0.07785888077858881, 'Morally unacceptable': 0.7773722627737226}",-0.7396593673965937
Malaysia,homosexuality,0.22677652537822723,0.4466725289821625,"{'Morally acceptable': 0.038929440389294405, 'Not a moral issue': 0.058394160583941604, 'Morally unacceptable': 0.8746958637469586}",-0.8357664233576643
Malaysia,drinking alcohol,-0.25169405341148376,0.013909057714045048,"{'Morally acceptable': 0.10827250608272507, 'Not a moral issue': 0.14841849148418493, 'Morally unacceptable': 0.6970802919708029}",-0.5888077858880778
Malaysia,married people having an affair,-0.3642648756504059,-0.24185128509998322,"{'Morally acceptable': 0.01824817518248175, 'Not a moral issue': 0.05474452554744526, 'Morally unacceptable': 0.8965936739659367}",-0.8783454987834549
Malaysia,gambling,-0.33971676230430603,-0.21771496534347534,"{'Morally acceptable': 0.08029197080291971, 'Not a moral issue': 0.12652068126520682, 'Morally unacceptable': 0.7603406326034063}",-0.6800486618004866
Malaysia,sex between unmarried adults,-0.409509539604187,-0.3198992609977722,"{'Morally acceptable': 0.0340632603406326, 'Not a moral issue': 0.052311435523114354, 'Morally unacceptable': 0.8698296836982968}",-0.8357664233576643
Kenya,using contraceptives,-0.21208785474300385,-0.10303444415330887,"{'Morally acceptable': 0.47117794486215536, 'Not a moral issue': 0.11403508771929824, 'Morally unacceptable': 0.32456140350877194}",0.14661654135338342
Kenya,getting a divorce,-0.5775445699691772,-0.6848945021629333,"{'Morally acceptable': 0.17794486215538846, 'Not a moral issue': 0.13784461152882205, 'Morally unacceptable': 0.581453634085213}",-0.40350877192982454
Kenya,having an abortion,-0.6093941926956177,-0.7290788292884827,"{'Morally acceptable': 0.03634085213032581, 'Not a moral issue': 0.07769423558897243, 'Morally unacceptable': 0.818295739348371}",-0.7819548872180452
Kenya,homosexuality,0.2481507807970047,0.4466725289821625,"{'Morally acceptable': 0.03007518796992481, 'Not a moral issue': 0.09022556390977443, 'Morally unacceptable': 0.8784461152882206}",-0.8483709273182958
Kenya,drinking alcohol,-0.1880420744419098,0.013909057714045048,"{'Morally acceptable': 0.10275689223057644, 'Not a moral issue': 0.23684210526315788, 'Morally unacceptable': 0.581453634085213}",-0.47869674185463656
Kenya,married people having an affair,-0.3036576807498932,-0.24185128509998322,"{'Morally acceptable': 0.08395989974937343, 'Not a moral issue': 0.08145363408521303, 'Morally unacceptable': 0.7969924812030075}",-0.713032581453634
Kenya,gambling,-0.12011173367500305,-0.21771496534347534,"{'Morally acceptable': 0.05263157894736842, 'Not a moral issue': 0.20927318295739347, 'Morally unacceptable': 0.6466165413533834}",-0.593984962406015
Kenya,sex between unmarried adults,-0.33569711446762085,-0.3198992609977722,"{'Morally acceptable': 0.046365914786967416, 'Not a moral issue': 0.12656641604010024, 'Morally unacceptable': 0.793233082706767}",-0.7468671679197996
Indonesia,using contraceptives,-0.41792210936546326,-0.10303444415330887,"{'Morally acceptable': 0.644, 'Not a moral issue': 0.152, 'Morally unacceptable': 0.103}",0.541
Indonesia,getting a divorce,-0.7283905148506165,-0.6848945021629333,"{'Morally acceptable': 0.196, 'Not a moral issue': 0.095, 'Morally unacceptable': 0.576}",-0.37999999999999995
Indonesia,having an abortion,-0.7595399022102356,-0.7290788292884827,"{'Morally acceptable': 0.011, 'Not a moral issue': 0.016, 'Morally unacceptable': 0.889}",-0.878
Indonesia,homosexuality,0.14001567661762238,0.4466725289821625,"{'Morally acceptable': 0.024, 'Not a moral issue': 0.025, 'Morally unacceptable': 0.936}",-0.912
Indonesia,drinking alcohol,-0.4337475597858429,0.013909057714045048,"{'Morally acceptable': 0.022, 'Not a moral issue': 0.085, 'Morally unacceptable': 0.856}",-0.834
Indonesia,married people having an affair,-0.4558755159378052,-0.24185128509998322,"{'Morally acceptable': 0.011, 'Not a moral issue': 0.044, 'Morally unacceptable': 0.927}",-0.916
Indonesia,gambling,-0.5215997099876404,-0.21771496534347534,"{'Morally acceptable': 0.018, 'Not a moral issue': 0.083, 'Morally unacceptable': 0.883}",-0.865
Indonesia,sex between unmarried adults,-0.5218590497970581,-0.3198992609977722,"{'Morally acceptable': 0.012, 'Not a moral issue': 0.016, 'Morally unacceptable': 0.963}",-0.951
Uganda,using contraceptives,-0.1586551070213318,-0.10303444415330887,"{'Morally acceptable': 0.505, 'Not a moral issue': 0.055, 'Morally unacceptable': 0.38125}",0.12375000000000003
Uganda,getting a divorce,-0.46438315510749817,-0.6848945021629333,"{'Morally acceptable': 0.08875, 'Not a moral issue': 0.05875, 'Morally unacceptable': 0.75625}",-0.6675
Uganda,having an abortion,-0.5447768568992615,-0.7290788292884827,"{'Morally acceptable': 0.01875, 'Not a moral issue': 0.055, 'Morally unacceptable': 0.8825}",-0.8637499999999999
Uganda,homosexuality,0.28011438250541687,0.4466725289821625,"{'Morally acceptable': 0.0125, 'Not a moral issue': 0.04625, 'Morally unacceptable': 0.93375}",-0.92125
Uganda,drinking alcohol,-0.14639101922512054,0.013909057714045048,"{'Morally acceptable': 0.19125, 'Not a moral issue': 0.14, 'Morally unacceptable': 0.5725}",-0.38125
Uganda,married people having an affair,-0.2697018086910248,-0.24185128509998322,"{'Morally acceptable': 0.06875, 'Not a moral issue': 0.0825, 'Morally unacceptable': 0.79875}",-0.73
Uganda,gambling,-0.20346881449222565,-0.21771496534347534,"{'Morally acceptable': 0.0325, 'Not a moral issue': 0.10625, 'Morally unacceptable': 0.8025}",-0.77
Uganda,sex between unmarried adults,-0.3468235731124878,-0.3198992609977722,"{'Morally acceptable': 0.085, 'Not a moral issue': 0.085, 'Morally unacceptable': 0.77125}",-0.68625
Jordan,using contraceptives,-0.22540147602558136,-0.10303444415330887,"{'Morally acceptable': 0.375, 'Not a moral issue': 0.355, 'Morally unacceptable': 0.064}",0.311
Jordan,getting a divorce,-0.598410427570343,-0.6848945021629333,"{'Morally acceptable': 0.535, 'Not a moral issue': 0.289, 'Morally unacceptable': 0.058}",0.47700000000000004
Jordan,having an abortion,-0.6644920110702515,-0.7290788292884827,"{'Morally acceptable': 0.035, 'Not a moral issue': 0.357, 'Morally unacceptable': 0.529}",-0.494
Jordan,homosexuality,0.21004098653793335,0.4466725289821625,"{'Morally acceptable': 0.019, 'Not a moral issue': 0.025, 'Morally unacceptable': 0.951}",-0.9319999999999999
Jordan,drinking alcohol,-0.2293187379837036,0.013909057714045048,"{'Morally acceptable': 0.033, 'Not a moral issue': 0.115, 'Morally unacceptable': 0.852}",-0.819
Jordan,married people having an affair,-0.3681056797504425,-0.24185128509998322,"{'Morally acceptable': 0.008, 'Not a moral issue': 0.053, 'Morally unacceptable': 0.927}",-0.919
Jordan,gambling,-0.2724405825138092,-0.21771496534347534,"{'Morally acceptable': 0.024, 'Not a moral issue': 0.058, 'Morally unacceptable': 0.91}",-0.886
Jordan,sex between unmarried adults,-0.4301815330982208,-0.3198992609977722,"{'Morally acceptable': 0.013, 'Not a moral issue': 0.029, 'Morally unacceptable': 0.954}",-0.941
Argentina,using contraceptives,-0.3459838330745697,-0.10303444415330887,"{'Morally acceptable': 0.6910866910866911, 'Not a moral issue': 0.22466422466422467, 'Morally unacceptable': 0.05860805860805861}",0.6324786324786325
Argentina,getting a divorce,-0.6519100666046143,-0.6848945021629333,"{'Morally acceptable': 0.5946275946275946, 'Not a moral issue': 0.21855921855921856, 'Morally unacceptable': 0.1562881562881563}",0.43833943833943834
Argentina,having an abortion,-0.7032899260520935,-0.7290788292884827,"{'Morally acceptable': 0.15995115995115994, 'Not a moral issue': 0.11965811965811966, 'Morally unacceptable': 0.5421245421245421}",-0.38217338217338215
Argentina,homosexuality,0.14263035356998444,0.4466725289821625,"{'Morally acceptable': 0.4700854700854701, 'Not a moral issue': 0.2148962148962149, 'Morally unacceptable': 0.2686202686202686}",0.20146520146520147
Argentina,drinking alcohol,-0.34697967767715454,0.013909057714045048,"{'Morally acceptable': 0.2600732600732601, 'Not a moral issue': 0.2967032967032967, 'Morally unacceptable': 0.3968253968253968}",-0.1367521367521367
Argentina,married people having an affair,-0.4252237379550934,-0.24185128509998322,"{'Morally acceptable': 0.11355311355311355, 'Not a moral issue': 0.13064713064713065, 'Morally unacceptable': 0.7057387057387058}",-0.5921855921855922
Argentina,gambling,-0.32900407910346985,-0.21771496534347534,"{'Morally acceptable': 0.19536019536019536, 'Not a moral issue': 0.2857142857142857, 'Morally unacceptable': 0.4700854700854701}",-0.27472527472527475
Argentina,sex between unmarried adults,-0.44301995635032654,-0.3198992609977722,"{'Morally acceptable': 0.43345543345543347, 'Not a moral issue': 0.3028083028083028, 'Morally unacceptable': 0.21123321123321123}",0.22222222222222224
Philippines,using contraceptives,-0.17660115659236908,-0.10303444415330887,"{'Morally acceptable': 0.599502487562189, 'Not a moral issue': 0.0945273631840796, 'Morally unacceptable': 0.2935323383084577}",0.30597014925373134
Philippines,getting a divorce,-0.5363125801086426,-0.6848945021629333,"{'Morally acceptable': 0.25, 'Not a moral issue': 0.06840796019900497, 'Morally unacceptable': 0.6716417910447762}",-0.42164179104477617
Philippines,having an abortion,-0.551960825920105,-0.7290788292884827,"{'Morally acceptable': 0.022388059701492536, 'Not a moral issue': 0.04228855721393035, 'Morally unacceptable': 0.9340796019900498}",-0.9116915422885573
Philippines,homosexuality,0.2755350172519684,0.4466725289821625,"{'Morally acceptable': 0.2512437810945274, 'Not a moral issue': 0.09203980099502487, 'Morally unacceptable': 0.650497512437811}",-0.39925373134328357
Philippines,drinking alcohol,-0.18572096526622772,0.013909057714045048,"{'Morally acceptable': 0.3445273631840796, 'Not a moral issue': 0.23880597014925373, 'Morally unacceptable': 0.3917910447761194}",-0.04726368159203981
Philippines,married people having an affair,-0.24073252081871033,-0.24185128509998322,"{'Morally acceptable': 0.053482587064676616, 'Not a moral issue': 0.041044776119402986, 'Morally unacceptable': 0.8980099502487562}",-0.8445273631840796
Philippines,gambling,-0.12843859195709229,-0.21771496534347534,"{'Morally acceptable': 0.20398009950248755, 'Not a moral issue': 0.18407960199004975, 'Morally unacceptable': 0.6082089552238806}",-0.4042288557213931
Philippines,sex between unmarried adults,-0.3786809742450714,-0.3198992609977722,"{'Morally acceptable': 0.20398009950248755, 'Not a moral issue': 0.07338308457711443, 'Morally unacceptable': 0.7126865671641791}",-0.5087064676616916
Tunisia,using contraceptives,-0.2536320090293884,-0.10303444415330887,"{'Morally acceptable': 0.265, 'Not a moral issue': 0.171, 'Morally unacceptable': 0.393}",-0.128
Tunisia,getting a divorce,-0.5926235914230347,-0.6848945021629333,"{'Morally acceptable': 0.151, 'Not a moral issue': 0.218, 'Morally unacceptable': 0.471}",-0.31999999999999995
Tunisia,having an abortion,-0.6465992331504822,-0.7290788292884827,"{'Morally acceptable': 0.037, 'Not a moral issue': 0.06, 'Morally unacceptable': 0.779}",-0.742
Tunisia,homosexuality,0.2281167358160019,0.4466725289821625,"{'Morally acceptable': 0.004, 'Not a moral issue': 0.035, 'Morally unacceptable': 0.925}",-0.921
Tunisia,drinking alcohol,-0.2913130819797516,0.013909057714045048,"{'Morally acceptable': 0.05, 'Not a moral issue': 0.056, 'Morally unacceptable': 0.857}",-0.8069999999999999
Tunisia,married people having an affair,-0.34946107864379883,-0.24185128509998322,"{'Morally acceptable': 0.027, 'Not a moral issue': 0.035, 'Morally unacceptable': 0.904}",-0.877
Tunisia,gambling,-0.2993203401565552,-0.21771496534347534,"{'Morally acceptable': 0.013, 'Not a moral issue': 0.041, 'Morally unacceptable': 0.914}",-0.901
Tunisia,sex between unmarried adults,-0.42765504121780396,-0.3198992609977722,"{'Morally acceptable': 0.032, 'Not a moral issue': 0.033, 'Morally unacceptable': 0.897}",-0.865
China,using contraceptives,-0.2391671985387802,-0.10303444415330887,"{'Morally acceptable': 0.48729076255424675, 'Not a moral issue': 0.28208307501549906, 'Morally unacceptable': 0.12802231866088035}",0.35926844389336643
China,getting a divorce,-0.607435941696167,-0.6848945021629333,"{'Morally acceptable': 0.4482331060136392, 'Not a moral issue': 0.18381897086174828, 'Morally unacceptable': 0.24891506509609423}",0.19931804091754496
China,having an abortion,-0.6063779592514038,-0.7290788292884827,"{'Morally acceptable': 0.29324240545567265, 'Not a moral issue': 0.20706757594544328, 'Morally unacceptable': 0.3660880347179169}",-0.07284562926224425
China,homosexuality,0.21436846256256104,0.4466725289821625,"{'Morally acceptable': 0.1323620582765034, 'Not a moral issue': 0.1689398636081835, 'Morally unacceptable': 0.6047737135771853}",-0.47241165530068197
China,drinking alcohol,-0.21081142127513885,0.013909057714045048,"{'Morally acceptable': 0.11965282083075016, 'Not a moral issue': 0.36546807191568503, 'Morally unacceptable': 0.40731556106633604}",-0.2876627402355859
China,married people having an affair,-0.34214693307876587,-0.24185128509998322,"{'Morally acceptable': 0.07718536887786732, 'Not a moral issue': 0.12306261624302542, 'Morally unacceptable': 0.7371357718536887}",-0.6599504029758214
China,gambling,-0.3433820903301239,-0.21771496534347534,"{'Morally acceptable': 0.08679479231246125, 'Not a moral issue': 0.27991320520768753, 'Morally unacceptable': 0.5489770613763174}",-0.4621822690638562
China,sex between unmarried adults,-0.35415735840797424,-0.3198992609977722,"{'Morally acceptable': 0.12182269063856169, 'Not a moral issue': 0.17234965902045876, 'Morally unacceptable': 0.5756354618722876}",-0.453812771233726
Pakistan,using contraceptives,-0.4242854118347168,-0.10303444415330887,"{'Morally acceptable': 0.14487926727726894, 'Not a moral issue': 0.06994171523730225, 'Morally unacceptable': 0.6244796003330558}",-0.47960033305578686
Pakistan,getting a divorce,-0.8083077073097229,-0.6848945021629333,"{'Morally acceptable': 0.08243130724396336, 'Not a moral issue': 0.04329725228975854, 'Morally unacceptable': 0.7268942547876769}",-0.6444629475437136
Pakistan,having an abortion,-0.800765335559845,-0.7290788292884827,"{'Morally acceptable': 0.004995836802664446, 'Not a moral issue': 0.049125728559533725, 'Morally unacceptable': 0.8409658617818485}",-0.835970024979184
Pakistan,homosexuality,0.05315576493740082,0.4466725289821625,"{'Morally acceptable': 0.005828476269775187, 'Not a moral issue': 0.030807660283097418, 'Morally unacceptable': 0.8701082431307244}",-0.8642797668609492
Pakistan,drinking alcohol,-0.42929109930992126,0.013909057714045048,"{'Morally acceptable': 0.004995836802664446, 'Not a moral issue': 0.022481265611990008, 'Morally unacceptable': 0.9333888426311407}",-0.9283930058284763
Pakistan,married people having an affair,-0.5265178084373474,-0.24185128509998322,"{'Morally acceptable': 0.002497918401332223, 'Not a moral issue': 0.034970857618651124, 'Morally unacceptable': 0.9175686927560366}",-0.9150707743547044
Pakistan,gambling,-0.5251362323760986,-0.21771496534347534,"{'Morally acceptable': 0.002497918401332223, 'Not a moral issue': 0.038301415487094086, 'Morally unacceptable': 0.9367194004995837}",-0.9342214820982515
Pakistan,sex between unmarried adults,-0.5162408351898193,-0.3198992609977722,"{'Morally acceptable': 0.002497918401332223, 'Not a moral issue': 0.020815986677768527, 'Morally unacceptable': 0.9408825978351374}",-0.9383846794338052
Ghana,using contraceptives,-0.17828980088233948,-0.10303444415330887,"{'Morally acceptable': 0.36795994993742176, 'Not a moral issue': 0.07008760951188986, 'Morally unacceptable': 0.4981226533166458}",-0.13016270337922403
Ghana,getting a divorce,-0.5707157254219055,-0.6848945021629333,"{'Morally acceptable': 0.1113892365456821, 'Not a moral issue': 0.026282853566958697, 'Morally unacceptable': 0.7759699624530664}",-0.6645807259073843
Ghana,having an abortion,-0.6088097095489502,-0.7290788292884827,"{'Morally acceptable': 0.02252816020025031, 'Not a moral issue': 0.01877346683354193, 'Morally unacceptable': 0.9161451814768461}",-0.8936170212765958
Ghana,homosexuality,0.3288431763648987,0.4466725289821625,"{'Morally acceptable': 0.007509386733416771, 'Not a moral issue': 0.010012515644555695, 'Morally unacceptable': 0.9737171464330413}",-0.9662077596996246
Ghana,drinking alcohol,-0.17598773539066315,0.013909057714045048,"{'Morally acceptable': 0.09136420525657071, 'Not a moral issue': 0.08886107634543179, 'Morally unacceptable': 0.7834793491864831}",-0.6921151439299124
Ghana,married people having an affair,-0.28479066491127014,-0.24185128509998322,"{'Morally acceptable': 0.0951188986232791, 'Not a moral issue': 0.025031289111389236, 'Morally unacceptable': 0.8585732165206508}",-0.7634543178973716
Ghana,gambling,-0.03843710198998451,-0.21771496534347534,"{'Morally acceptable': 0.03128911138923655, 'Not a moral issue': 0.04130162703379224, 'Morally unacceptable': 0.9023779724655819}",-0.8710888610763454
Ghana,sex between unmarried adults,-0.3398188054561615,-0.3198992609977722,"{'Morally acceptable': 0.06758448060075094, 'Not a moral issue': 0.052565707133917394, 'Morally unacceptable': 0.8322903629536921}",-0.7647058823529411
South Africa,using contraceptives,-0.2577197551727295,-0.10303444415330887,"{'Morally acceptable': 0.6723926380368098, 'Not a moral issue': 0.08711656441717791, 'Morally unacceptable': 0.14355828220858896}",0.5288343558282209
South Africa,getting a divorce,-0.6037480235099792,-0.6848945021629333,"{'Morally acceptable': 0.16319018404907976, 'Not a moral issue': 0.150920245398773, 'Morally unacceptable': 0.37791411042944784}",-0.21472392638036808
South Africa,having an abortion,-0.6391716599464417,-0.7290788292884827,"{'Morally acceptable': 0.10061349693251534, 'Not a moral issue': 0.0834355828220859, 'Morally unacceptable': 0.5840490797546012}",-0.4834355828220859
South Africa,homosexuality,0.17010366916656494,0.4466725289821625,"{'Morally acceptable': 0.1901840490797546, 'Not a moral issue': 0.12515337423312883, 'Morally unacceptable': 0.5914110429447853}",-0.4012269938650307
South Africa,drinking alcohol,-0.26644518971443176,0.013909057714045048,"{'Morally acceptable': 0.22208588957055214, 'Not a moral issue': 0.26134969325153373, 'Morally unacceptable': 0.3337423312883436}",-0.11165644171779143
South Africa,married people having an affair,-0.39582669734954834,-0.24185128509998322,"{'Morally acceptable': 0.10552147239263804, 'Not a moral issue': 0.11288343558282209, 'Morally unacceptable': 0.6404907975460122}",-0.5349693251533743
South Africa,gambling,-0.2550294101238251,-0.21771496534347534,"{'Morally acceptable': 0.18404907975460122, 'Not a moral issue': 0.2822085889570552, 'Morally unacceptable': 0.3791411042944785}",-0.19509202453987728
South Africa,sex between unmarried adults,-0.4138913154602051,-0.3198992609977722,"{'Morally acceptable': 0.2233128834355828, 'Not a moral issue': 0.17668711656441718, 'Morally unacceptable': 0.4539877300613497}",-0.23067484662576687
Palestinian territories,using contraceptives,-0.4019739627838135,-0.10303444415330887,"{'Morally acceptable': 0.408641975308642, 'Not a moral issue': 0.24814814814814815, 'Morally unacceptable': 0.1345679012345679}",0.2740740740740741
Palestinian territories,getting a divorce,-0.6231363415718079,-0.6848945021629333,"{'Morally acceptable': 0.2691358024691358, 'Not a moral issue': 0.2765432098765432, 'Morally unacceptable': 0.22469135802469137}",0.04444444444444445
Palestinian territories,having an abortion,-0.6779364943504333,-0.7290788292884827,"{'Morally acceptable': 0.07037037037037037, 'Not a moral issue': 0.1345679012345679, 'Morally unacceptable': 0.5395061728395062}",-0.46913580246913583
Palestinian territories,homosexuality,0.07336075603961945,0.4466725289821625,"{'Morally acceptable': 0.007407407407407408, 'Not a moral issue': 0.03950617283950617, 'Morally unacceptable': 0.9382716049382716}",-0.9308641975308641
Palestinian territories,drinking alcohol,-0.35500577092170715,0.013909057714045048,"{'Morally acceptable': 0.008641975308641974, 'Not a moral issue': 0.09259259259259259, 'Morally unacceptable': 0.8901234567901235}",-0.8814814814814815
Palestinian territories,married people having an affair,-0.39385467767715454,-0.24185128509998322,"{'Morally acceptable': 0.007407407407407408, 'Not a moral issue': 0.03827160493827161, 'Morally unacceptable': 0.9395061728395062}",-0.9320987654320988
Palestinian territories,gambling,-0.42300599813461304,-0.21771496534347534,"{'Morally acceptable': 0.008641975308641974, 'Not a moral issue': 0.0691358024691358, 'Morally unacceptable': 0.9123456790123456}",-0.9037037037037037
Palestinian territories,sex between unmarried adults,-0.43792271614074707,-0.3198992609977722,"{'Morally acceptable': 0.012345679012345678, 'Not a moral issue': 0.03950617283950617, 'Morally unacceptable': 0.9395061728395062}",-0.9271604938271605
Israel,using contraceptives,-0.1998506635427475,-0.10303444415330887,"{'Morally acceptable': 0.39370932754880694, 'Not a moral issue': 0.2559652928416486, 'Morally unacceptable': 0.21691973969631237}",0.17678958785249457
Israel,getting a divorce,-0.5644147396087646,-0.6848945021629333,"{'Morally acceptable': 0.272234273318872, 'Not a moral issue': 0.30585683297180044, 'Morally unacceptable': 0.27440347071583515}",-0.0021691973969631406
Israel,having an abortion,-0.5973077416419983,-0.7290788292884827,"{'Morally acceptable': 0.20281995661605207, 'Not a moral issue': 0.21800433839479394, 'Morally unacceptable': 0.3774403470715835}",-0.17462039045553146
Israel,homosexuality,0.2527024447917938,0.4466725289821625,"{'Morally acceptable': 0.19414316702819956, 'Not a moral issue': 0.18546637744034708, 'Morally unacceptable': 0.5726681127982647}",-0.3785249457700651
Israel,drinking alcohol,-0.16106830537319183,0.013909057714045048,"{'Morally acceptable': 0.22885032537960953, 'Not a moral issue': 0.3297180043383948, 'Morally unacceptable': 0.3806941431670282}",-0.15184381778741868
Israel,married people having an affair,-0.32238301634788513,-0.24185128509998322,"{'Morally acceptable': 0.08893709327548807, 'Not a moral issue': 0.10303687635574837, 'Morally unacceptable': 0.7787418655097614}",-0.6898047722342734
Israel,gambling,-0.2897697985172272,-0.21771496534347534,"{'Morally acceptable': 0.12472885032537961, 'Not a moral issue': 0.2592190889370933, 'Morally unacceptable': 0.586767895878525}",-0.46203904555314534
Israel,sex between unmarried adults,-0.37100669741630554,-0.3198992609977722,"{'Morally acceptable': 0.25488069414316705, 'Not a moral issue': 0.1843817787418655, 'Morally unacceptable': 0.5086767895878525}",-0.2537960954446854
Bolivia,using contraceptives,-0.22841694951057434,-0.10303444415330887,"{'Morally acceptable': 0.5725, 'Not a moral issue': 0.1375, 'Morally unacceptable': 0.18125}",0.39125
Bolivia,getting a divorce,-0.5804503560066223,-0.6848945021629333,"{'Morally acceptable': 0.29375, 'Not a moral issue': 0.105, 'Morally unacceptable': 0.4825}",-0.18874999999999997
Bolivia,having an abortion,-0.6273879408836365,-0.7290788292884827,"{'Morally acceptable': 0.05, 'Not a moral issue': 0.0375, 'Morally unacceptable': 0.82}",-0.7699999999999999
Bolivia,homosexuality,0.23632217943668365,0.4466725289821625,"{'Morally acceptable': 0.31375, 'Not a moral issue': 0.0925, 'Morally unacceptable': 0.5125}",-0.19874999999999998
Bolivia,drinking alcohol,-0.24245284497737885,0.013909057714045048,"{'Morally acceptable': 0.1225, 'Not a moral issue': 0.12625, 'Morally unacceptable': 0.695}",-0.5725
Bolivia,married people having an affair,-0.30862048268318176,-0.24185128509998322,"{'Morally acceptable': 0.06, 'Not a moral issue': 0.05375, 'Morally unacceptable': 0.8425}",-0.7825
Bolivia,gambling,-0.28348007798194885,-0.21771496534347534,"{'Morally acceptable': 0.1, 'Not a moral issue': 0.17375, 'Morally unacceptable': 0.6075}",-0.5075000000000001
Bolivia,sex between unmarried adults,-0.3822947144508362,-0.3198992609977722,"{'Morally acceptable': 0.20625, 'Not a moral issue': 0.10375, 'Morally unacceptable': 0.5325}",-0.32625
Venezuela,using contraceptives,-0.4741465449333191,-0.10303444415330887,"{'Morally acceptable': 0.824, 'Not a moral issue': 0.084, 'Morally unacceptable': 0.051}",0.7729999999999999
Venezuela,getting a divorce,-0.7252094745635986,-0.6848945021629333,"{'Morally acceptable': 0.581, 'Not a moral issue': 0.08, 'Morally unacceptable': 0.242}",0.33899999999999997
Venezuela,having an abortion,-0.7212746739387512,-0.7290788292884827,"{'Morally acceptable': 0.083, 'Not a moral issue': 0.06, 'Morally unacceptable': 0.77}",-0.687
Venezuela,homosexuality,0.0967530757188797,0.4466725289821625,"{'Morally acceptable': 0.316, 'Not a moral issue': 0.119, 'Morally unacceptable': 0.492}",-0.176
Venezuela,drinking alcohol,-0.44196587800979614,0.013909057714045048,"{'Morally acceptable': 0.357, 'Not a moral issue': 0.167, 'Morally unacceptable': 0.392}",-0.03500000000000003
Venezuela,married people having an affair,-0.4624709486961365,-0.24185128509998322,"{'Morally acceptable': 0.116, 'Not a moral issue': 0.088, 'Morally unacceptable': 0.755}",-0.639
Venezuela,gambling,-0.4821091890335083,-0.21771496534347534,"{'Morally acceptable': 0.2, 'Not a moral issue': 0.15, 'Morally unacceptable': 0.594}",-0.39399999999999996
Venezuela,sex between unmarried adults,-0.5441957116127014,-0.3198992609977722,"{'Morally acceptable': 0.605, 'Not a moral issue': 0.126, 'Morally unacceptable': 0.21}",0.395
El Salvador,using contraceptives,-0.13028910756111145,-0.10303444415330887,"{'Morally acceptable': 0.6376262626262627, 'Not a moral issue': 0.10984848484848485, 'Morally unacceptable': 0.21717171717171718}",0.42045454545454547
El Salvador,getting a divorce,-0.5138984322547913,-0.6848945021629333,"{'Morally acceptable': 0.30303030303030304, 'Not a moral issue': 0.09595959595959595, 'Morally unacceptable': 0.47853535353535354}",-0.1755050505050505
El Salvador,having an abortion,-0.49278151988983154,-0.7290788292884827,"{'Morally acceptable': 0.01893939393939394, 'Not a moral issue': 0.030303030303030304, 'Morally unacceptable': 0.8535353535353535}",-0.8345959595959596
El Salvador,homosexuality,0.2861221432685852,0.4466725289821625,"{'Morally acceptable': 0.16792929292929293, 'Not a moral issue': 0.09217171717171717, 'Morally unacceptable': 0.7032828282828283}",-0.5353535353535354
El Salvador,drinking alcohol,-0.10804249346256256,0.013909057714045048,"{'Morally acceptable': 0.08838383838383838, 'Not a moral issue': 0.08838383838383838, 'Morally unacceptable': 0.803030303030303}",-0.7146464646464646
El Salvador,married people having an affair,-0.2566888630390167,-0.24185128509998322,"{'Morally acceptable': 0.036616161616161616, 'Not a moral issue': 0.041666666666666664, 'Morally unacceptable': 0.8939393939393939}",-0.8573232323232323
El Salvador,gambling,-0.10387247800827026,-0.21771496534347534,"{'Morally acceptable': 0.059343434343434344, 'Not a moral issue': 0.10984848484848485, 'Morally unacceptable': 0.8080808080808081}",-0.7487373737373737
El Salvador,sex between unmarried adults,-0.37869948148727417,-0.3198992609977722,"{'Morally acceptable': 0.2398989898989899, 'Not a moral issue': 0.1351010101010101, 'Morally unacceptable': 0.5580808080808081}",-0.3181818181818182
