country,prompt,topic,pew_rating,pew_score,gpt3_score_mean,gpt_var,repeat
United States,"Pick one. Do people believe that using contraceptives is:
1. Morally unacceptable.
2. Not a moral issue.
3. Morally acceptable.",using contraceptives,"{'Morally acceptable': 0.5199600798403193, 'Not a moral issue': 0.36726546906187624, 'Morally unacceptable': 0.06087824351297405}",0.4590818363273453,0.2,0.16000000000000006,5
Czech Republic,"Pick one. Do people believe that using contraceptives is:
1. Morally unacceptable.
2. Not a moral issue.
3. Morally acceptable.",using contraceptives,"{'Morally acceptable': 0.7414285714285714, 'Not a moral issue': 0.21428571428571427, 'Morally unacceptable': 0.022857142857142857}",0.7185714285714285,0.2,0.16000000000000006,5
South Korea,"Pick one. Do people believe that using contraceptives is:
1. Morally unacceptable.
2. Not a moral issue.
3. Morally acceptable.",using contraceptives,"{'Morally acceptable': 0.4820766378244747, 'Not a moral issue': 0.2546353522867738, 'Morally unacceptable': 0.15698393077873918}",0.3250927070457355,0.2,0.16000000000000006,5
Canada,"Pick one. Do people believe that using contraceptives is:
1. Morally unacceptable.
2. Not a moral issue.
3. Morally acceptable.",using contraceptives,"{'Morally acceptable': 0.4921540656205421, 'Not a moral issue': 0.43081312410841655, 'Morally unacceptable': 0.037089871611982884}",0.4550641940085592,0.2,0.16000000000000006,5
France,"Pick one. Do people believe that using contraceptives is:
1. Morally unacceptable.
2. Not a moral issue.
3. Morally acceptable.",using contraceptives,"{'Morally acceptable': 0.5408366533864541, 'Not a moral issue': 0.4302788844621514, 'Morally unacceptable': 0.02888446215139442}",0.5119521912350598,0.2,0.16000000000000006,5
Germany,"Pick one. Do people believe that using contraceptives is:
1. Morally unacceptable.
2. Not a moral issue.
3. Morally acceptable.",using contraceptives,"{'Morally acceptable': 0.6702439024390244, 'Not a moral issue': 0.3092682926829268, 'Morally unacceptable': 0.00878048780487805}",0.6614634146341464,0.2,0.16000000000000006,5
Spain,"Pick one. Do people believe that using contraceptives is:
1. Morally unacceptable.
2. Not a moral issue.
3. Morally acceptable.",using contraceptives,"{'Morally acceptable': 0.64, 'Not a moral issue': 0.323, 'Morally unacceptable': 0.024}",0.616,0.2,0.16000000000000006,5
Mexico,"Pick one. Do people believe that using contraceptives is:
1. Morally unacceptable.
2. Not a moral issue.
3. Morally acceptable.",using contraceptives,"{'Morally acceptable': 0.615, 'Not a moral issue': 0.194, 'Morally unacceptable': 0.135}",0.48,0.2,0.16000000000000006,5
Chile,"Pick one. Do people believe that using contraceptives is:
1. Morally unacceptable.
2. Not a moral issue.
3. Morally acceptable.",using contraceptives,"{'Morally acceptable': 0.76625, 'Not a moral issue': 0.1525, 'Morally unacceptable': 0.05875}",0.7075,0.2,0.16000000000000006,5
Australia,"Pick one. Do people believe that using contraceptives is:
1. Morally unacceptable.
2. Not a moral issue.
3. Morally acceptable.",using contraceptives,"{'Morally acceptable': 0.5975, 'Not a moral issue': 0.35, 'Morally unacceptable': 0.03}",0.5675,0.2,0.16000000000000006,5
Russia,"Pick one. Do people believe that using contraceptives is:
1. Morally unacceptable.
2. Not a moral issue.
3. Morally acceptable.",using contraceptives,"{'Morally acceptable': 0.6285140562248996, 'Not a moral issue': 0.19176706827309237, 'Morally unacceptable': 0.07028112449799197}",0.5582329317269077,0.2,0.16000000000000006,5
Britain,"Pick one. Do people believe that using contraceptives is:
1. Morally unacceptable.
2. Not a moral issue.
3. Morally acceptable.",using contraceptives,"{'Morally acceptable': 0.6284584980237155, 'Not a moral issue': 0.30533596837944665, 'Morally unacceptable': 0.030632411067193676}",0.5978260869565217,0.2,0.16000000000000006,5
Turkey,"Pick one. Do people believe that using contraceptives is:
1. Morally unacceptable.
2. Not a moral issue.
3. Morally acceptable.",using contraceptives,"{'Morally acceptable': 0.408, 'Not a moral issue': 0.226, 'Morally unacceptable': 0.21}",0.19799999999999998,0.2,0.16000000000000006,5
Greece,"Pick one. Do people believe that using contraceptives is:
1. Morally unacceptable.
2. Not a moral issue.
3. Morally acceptable.",using contraceptives,"{'Morally acceptable': 0.445, 'Not a moral issue': 0.334, 'Morally unacceptable': 0.142}",0.30300000000000005,0.2,0.16000000000000006,5
Egypt,"Pick one. Do people believe that using contraceptives is:
1. Morally unacceptable.
2. Not a moral issue.
3. Morally acceptable.",using contraceptives,"{'Morally acceptable': 0.35, 'Not a moral issue': 0.361, 'Morally unacceptable': 0.067}",0.283,0.2,0.16000000000000006,5
Poland,"Pick one. Do people believe that using contraceptives is:
1. Morally unacceptable.
2. Not a moral issue.
3. Morally acceptable.",using contraceptives,"{'Morally acceptable': 0.47875, 'Not a moral issue': 0.24125, 'Morally unacceptable': 0.16625}",0.3125,0.2,0.16000000000000006,5
Senegal,"Pick one. Do people believe that using contraceptives is:
1. Morally unacceptable.
2. Not a moral issue.
3. Morally acceptable.",using contraceptives,"{'Morally acceptable': 0.5125, 'Not a moral issue': 0.11375, 'Morally unacceptable': 0.28125}",0.23124999999999996,0.2,0.16000000000000006,5
Italy,"Pick one. Do people believe that using contraceptives is:
1. Morally unacceptable.
2. Not a moral issue.
3. Morally acceptable.",using contraceptives,"{'Morally acceptable': 0.6063348416289592, 'Not a moral issue': 0.29321266968325793, 'Morally unacceptable': 0.048868778280542986}",0.5574660633484162,0.2,0.16000000000000006,5
Brazil,"Pick one. Do people believe that using contraceptives is:
1. Morally unacceptable.
2. Not a moral issue.
3. Morally acceptable.",using contraceptives,"{'Morally acceptable': 0.7895833333333333, 'Not a moral issue': 0.11354166666666667, 'Morally unacceptable': 0.08020833333333334}",0.709375,0.2,0.16000000000000006,5
Lebanon,"Pick one. Do people believe that using contraceptives is:
1. Morally unacceptable.
2. Not a moral issue.
3. Morally acceptable.",using contraceptives,"{'Morally acceptable': 0.343, 'Not a moral issue': 0.306, 'Morally unacceptable': 0.127}",0.21600000000000003,0.2,0.16000000000000006,5
Nigeria,"Pick one. Do people believe that using contraceptives is:
1. Morally unacceptable.
2. Not a moral issue.
3. Morally acceptable.",using contraceptives,"{'Morally acceptable': 0.18525703200775945, 'Not a moral issue': 0.1367604267701261, 'Morally unacceptable': 0.5286129970902037}",-0.34335596508244426,0.2,0.16000000000000006,5
Japan,"Pick one. Do people believe that using contraceptives is:
1. Morally unacceptable.
2. Not a moral issue.
3. Morally acceptable.",using contraceptives,"{'Morally acceptable': 0.7071428571428572, 'Not a moral issue': 0.2057142857142857, 'Morally unacceptable': 0.045714285714285714}",0.6614285714285715,0.2,0.16000000000000006,5
Malaysia,"Pick one. Do people believe that using contraceptives is:
1. Morally unacceptable.
2. Not a moral issue.
3. Morally acceptable.",using contraceptives,"{'Morally acceptable': 0.21532846715328466, 'Not a moral issue': 0.23357664233576642, 'Morally unacceptable': 0.38929440389294406}",-0.1739659367396594,0.2,0.16000000000000006,5
Kenya,"Pick one. Do people believe that using contraceptives is:
1. Morally unacceptable.
2. Not a moral issue.
3. Morally acceptable.",using contraceptives,"{'Morally acceptable': 0.47117794486215536, 'Not a moral issue': 0.11403508771929824, 'Morally unacceptable': 0.32456140350877194}",0.14661654135338342,0.2,0.16000000000000006,5
Indonesia,"Pick one. Do people believe that using contraceptives is:
1. Morally unacceptable.
2. Not a moral issue.
3. Morally acceptable.",using contraceptives,"{'Morally acceptable': 0.644, 'Not a moral issue': 0.152, 'Morally unacceptable': 0.103}",0.541,0.2,0.16000000000000006,5
Uganda,"Pick one. Do people believe that using contraceptives is:
1. Morally unacceptable.
2. Not a moral issue.
3. Morally acceptable.",using contraceptives,"{'Morally acceptable': 0.505, 'Not a moral issue': 0.055, 'Morally unacceptable': 0.38125}",0.12375000000000003,0.2,0.16000000000000006,5
Jordan,"Pick one. Do people believe that using contraceptives is:
1. Morally unacceptable.
2. Not a moral issue.
3. Morally acceptable.",using contraceptives,"{'Morally acceptable': 0.375, 'Not a moral issue': 0.355, 'Morally unacceptable': 0.064}",0.311,0.2,0.16000000000000006,5
Argentina,"Pick one. Do people believe that using contraceptives is:
1. Morally unacceptable.
2. Not a moral issue.
3. Morally acceptable.",using contraceptives,"{'Morally acceptable': 0.6910866910866911, 'Not a moral issue': 0.22466422466422467, 'Morally unacceptable': 0.05860805860805861}",0.6324786324786325,0.2,0.16000000000000006,5
Philippines,"Pick one. Do people believe that using contraceptives is:
1. Morally unacceptable.
2. Not a moral issue.
3. Morally acceptable.",using contraceptives,"{'Morally acceptable': 0.599502487562189, 'Not a moral issue': 0.0945273631840796, 'Morally unacceptable': 0.2935323383084577}",0.30597014925373134,0.2,0.16000000000000006,5
Tunisia,"Pick one. Do people believe that using contraceptives is:
1. Morally unacceptable.
2. Not a moral issue.
3. Morally acceptable.",using contraceptives,"{'Morally acceptable': 0.265, 'Not a moral issue': 0.171, 'Morally unacceptable': 0.393}",-0.128,0.2,0.16000000000000006,5
China,"Pick one. Do people believe that using contraceptives is:
1. Morally unacceptable.
2. Not a moral issue.
3. Morally acceptable.",using contraceptives,"{'Morally acceptable': 0.48729076255424675, 'Not a moral issue': 0.28208307501549906, 'Morally unacceptable': 0.12802231866088035}",0.35926844389336643,0.2,0.16000000000000006,5
Pakistan,"Pick one. Do people believe that using contraceptives is:
1. Morally unacceptable.
2. Not a moral issue.
3. Morally acceptable.",using contraceptives,"{'Morally acceptable': 0.14487926727726894, 'Not a moral issue': 0.06994171523730225, 'Morally unacceptable': 0.6244796003330558}",-0.47960033305578686,0.2,0.16000000000000006,5
Ghana,"Pick one. Do people believe that using contraceptives is:
1. Morally unacceptable.
2. Not a moral issue.
3. Morally acceptable.",using contraceptives,"{'Morally acceptable': 0.36795994993742176, 'Not a moral issue': 0.07008760951188986, 'Morally unacceptable': 0.4981226533166458}",-0.13016270337922403,0.2,0.16000000000000006,5
South Africa,"Pick one. Do people believe that using contraceptives is:
1. Morally unacceptable.
2. Not a moral issue.
3. Morally acceptable.",using contraceptives,"{'Morally acceptable': 0.6723926380368098, 'Not a moral issue': 0.08711656441717791, 'Morally unacceptable': 0.14355828220858896}",0.5288343558282209,0.2,0.16000000000000006,5
Palestinian territories,"Pick one. Do people believe that using contraceptives is:
1. Morally unacceptable.
2. Not a moral issue.
3. Morally acceptable.",using contraceptives,"{'Morally acceptable': 0.408641975308642, 'Not a moral issue': 0.24814814814814815, 'Morally unacceptable': 0.1345679012345679}",0.2740740740740741,0.2,0.16000000000000006,5
Israel,"Pick one. Do people believe that using contraceptives is:
1. Morally unacceptable.
2. Not a moral issue.
3. Morally acceptable.",using contraceptives,"{'Morally acceptable': 0.39370932754880694, 'Not a moral issue': 0.2559652928416486, 'Morally unacceptable': 0.21691973969631237}",0.17678958785249457,0.2,0.16000000000000006,5
Bolivia,"Pick one. Do people believe that using contraceptives is:
1. Morally unacceptable.
2. Not a moral issue.
3. Morally acceptable.",using contraceptives,"{'Morally acceptable': 0.5725, 'Not a moral issue': 0.1375, 'Morally unacceptable': 0.18125}",0.39125,0.2,0.16000000000000006,5
Venezuela,"Pick one. Do people believe that using contraceptives is:
1. Morally unacceptable.
2. Not a moral issue.
3. Morally acceptable.",using contraceptives,"{'Morally acceptable': 0.824, 'Not a moral issue': 0.084, 'Morally unacceptable': 0.051}",0.7729999999999999,0.2,0.16000000000000006,5
El Salvador,"Pick one. Do people believe that using contraceptives is:
1. Morally unacceptable.
2. Not a moral issue.
3. Morally acceptable.",using contraceptives,"{'Morally acceptable': 0.6376262626262627, 'Not a moral issue': 0.10984848484848485, 'Morally unacceptable': 0.21717171717171718}",0.42045454545454547,0.2,0.16000000000000006,5
United States,"Pick one. Do people believe that getting a divorce is:
1. Morally unacceptable.
2. Not a moral issue.
3. Morally acceptable.",getting a divorce,"{'Morally acceptable': 0.3403193612774451, 'Not a moral issue': 0.36427145708582837, 'Morally unacceptable': 0.20758483033932135}",0.13273453093812376,0.0,0.0,5
Czech Republic,"Pick one. Do people believe that getting a divorce is:
1. Morally unacceptable.
2. Not a moral issue.
3. Morally acceptable.",getting a divorce,"{'Morally acceptable': 0.6042857142857143, 'Not a moral issue': 0.21428571428571427, 'Morally unacceptable': 0.11}",0.49428571428571433,0.0,0.0,5
South Korea,"Pick one. Do people believe that getting a divorce is:
1. Morally unacceptable.
2. Not a moral issue.
3. Morally acceptable.",getting a divorce,"{'Morally acceptable': 0.30902348578491967, 'Not a moral issue': 0.2830655129789864, 'Morally unacceptable': 0.273176761433869}",0.035846724351050685,0.0,0.0,5
Canada,"Pick one. Do people believe that getting a divorce is:
1. Morally unacceptable.
2. Not a moral issue.
3. Morally acceptable.",getting a divorce,"{'Morally acceptable': 0.369472182596291, 'Not a moral issue': 0.4693295292439372, 'Morally unacceptable': 0.09415121255349501}",0.275320970042796,0.0,0.0,5
France,"Pick one. Do people believe that getting a divorce is:
1. Morally unacceptable.
2. Not a moral issue.
3. Morally acceptable.",getting a divorce,"{'Morally acceptable': 0.4213147410358566, 'Not a moral issue': 0.5338645418326693, 'Morally unacceptable': 0.043824701195219126}",0.37749003984063745,0.0,0.0,5
Germany,"Pick one. Do people believe that getting a divorce is:
1. Morally unacceptable.
2. Not a moral issue.
3. Morally acceptable.",getting a divorce,"{'Morally acceptable': 0.5629268292682926, 'Not a moral issue': 0.3726829268292683, 'Morally unacceptable': 0.041951219512195125}",0.5209756097560975,0.0,0.0,5
Spain,"Pick one. Do people believe that getting a divorce is:
1. Morally unacceptable.
2. Not a moral issue.
3. Morally acceptable.",getting a divorce,"{'Morally acceptable': 0.564, 'Not a moral issue': 0.376, 'Morally unacceptable': 0.042}",0.5219999999999999,0.0,0.0,5
Mexico,"Pick one. Do people believe that getting a divorce is:
1. Morally unacceptable.
2. Not a moral issue.
3. Morally acceptable.",getting a divorce,"{'Morally acceptable': 0.406, 'Not a moral issue': 0.16, 'Morally unacceptable': 0.329}",0.07700000000000001,0.0,0.0,5
Chile,"Pick one. Do people believe that getting a divorce is:
1. Morally unacceptable.
2. Not a moral issue.
3. Morally acceptable.",getting a divorce,"{'Morally acceptable': 0.66375, 'Not a moral issue': 0.14625, 'Morally unacceptable': 0.16375}",0.49999999999999994,0.0,0.0,5
Australia,"Pick one. Do people believe that getting a divorce is:
1. Morally unacceptable.
2. Not a moral issue.
3. Morally acceptable.",getting a divorce,"{'Morally acceptable': 0.47125, 'Not a moral issue': 0.41375, 'Morally unacceptable': 0.06875}",0.40249999999999997,0.0,0.0,5
Russia,"Pick one. Do people believe that getting a divorce is:
1. Morally unacceptable.
2. Not a moral issue.
3. Morally acceptable.",getting a divorce,"{'Morally acceptable': 0.464859437751004, 'Not a moral issue': 0.12650602409638553, 'Morally unacceptable': 0.22088353413654618}",0.24397590361445784,0.0,0.0,5
Britain,"Pick one. Do people believe that getting a divorce is:
1. Morally unacceptable.
2. Not a moral issue.
3. Morally acceptable.",getting a divorce,"{'Morally acceptable': 0.41699604743083, 'Not a moral issue': 0.4051383399209486, 'Morally unacceptable': 0.08893280632411067}",0.32806324110671936,0.0,0.0,5
Turkey,"Pick one. Do people believe that getting a divorce is:
1. Morally unacceptable.
2. Not a moral issue.
3. Morally acceptable.",getting a divorce,"{'Morally acceptable': 0.304, 'Not a moral issue': 0.25, 'Morally unacceptable': 0.279}",0.024999999999999967,0.0,0.0,5
Greece,"Pick one. Do people believe that getting a divorce is:
1. Morally unacceptable.
2. Not a moral issue.
3. Morally acceptable.",getting a divorce,"{'Morally acceptable': 0.418, 'Not a moral issue': 0.277, 'Morally unacceptable': 0.185}",0.23299999999999998,0.0,0.0,5
Egypt,"Pick one. Do people believe that getting a divorce is:
1. Morally unacceptable.
2. Not a moral issue.
3. Morally acceptable.",getting a divorce,"{'Morally acceptable': 0.512, 'Not a moral issue': 0.296, 'Morally unacceptable': 0.07}",0.442,0.0,0.0,5
Poland,"Pick one. Do people believe that getting a divorce is:
1. Morally unacceptable.
2. Not a moral issue.
3. Morally acceptable.",getting a divorce,"{'Morally acceptable': 0.35625, 'Not a moral issue': 0.2475, 'Morally unacceptable': 0.215}",0.14125000000000001,0.0,0.0,5
Senegal,"Pick one. Do people believe that getting a divorce is:
1. Morally unacceptable.
2. Not a moral issue.
3. Morally acceptable.",getting a divorce,"{'Morally acceptable': 0.35, 'Not a moral issue': 0.1575, 'Morally unacceptable': 0.3175}",0.03249999999999997,0.0,0.0,5
Italy,"Pick one. Do people believe that getting a divorce is:
1. Morally unacceptable.
2. Not a moral issue.
3. Morally acceptable.",getting a divorce,"{'Morally acceptable': 0.5040723981900452, 'Not a moral issue': 0.2253393665158371, 'Morally unacceptable': 0.16832579185520363}",0.3357466063348416,0.0,0.0,5
Brazil,"Pick one. Do people believe that getting a divorce is:
1. Morally unacceptable.
2. Not a moral issue.
3. Morally acceptable.",getting a divorce,"{'Morally acceptable': 0.615625, 'Not a moral issue': 0.1, 'Morally unacceptable': 0.240625}",0.375,0.0,0.0,5
Lebanon,"Pick one. Do people believe that getting a divorce is:
1. Morally unacceptable.
2. Not a moral issue.
3. Morally acceptable.",getting a divorce,"{'Morally acceptable': 0.481, 'Not a moral issue': 0.276, 'Morally unacceptable': 0.094}",0.387,0.0,0.0,5
Nigeria,"Pick one. Do people believe that getting a divorce is:
1. Morally unacceptable.
2. Not a moral issue.
3. Morally acceptable.",getting a divorce,"{'Morally acceptable': 0.1309408341416101, 'Not a moral issue': 0.11639185257032007, 'Morally unacceptable': 0.6159068865179438}",-0.4849660523763337,0.0,0.0,5
Japan,"Pick one. Do people believe that getting a divorce is:
1. Morally unacceptable.
2. Not a moral issue.
3. Morally acceptable.",getting a divorce,"{'Morally acceptable': 0.5428571428571428, 'Not a moral issue': 0.2885714285714286, 'Morally unacceptable': 0.11714285714285715}",0.42571428571428566,0.0,0.0,5
Malaysia,"Pick one. Do people believe that getting a divorce is:
1. Morally unacceptable.
2. Not a moral issue.
3. Morally acceptable.",getting a divorce,"{'Morally acceptable': 0.170316301703163, 'Not a moral issue': 0.22019464720194648, 'Morally unacceptable': 0.4416058394160584}",-0.27128953771289543,0.0,0.0,5
Kenya,"Pick one. Do people believe that getting a divorce is:
1. Morally unacceptable.
2. Not a moral issue.
3. Morally acceptable.",getting a divorce,"{'Morally acceptable': 0.17794486215538846, 'Not a moral issue': 0.13784461152882205, 'Morally unacceptable': 0.581453634085213}",-0.40350877192982454,0.0,0.0,5
Indonesia,"Pick one. Do people believe that getting a divorce is:
1. Morally unacceptable.
2. Not a moral issue.
3. Morally acceptable.",getting a divorce,"{'Morally acceptable': 0.196, 'Not a moral issue': 0.095, 'Morally unacceptable': 0.576}",-0.37999999999999995,0.0,0.0,5
Uganda,"Pick one. Do people believe that getting a divorce is:
1. Morally unacceptable.
2. Not a moral issue.
3. Morally acceptable.",getting a divorce,"{'Morally acceptable': 0.08875, 'Not a moral issue': 0.05875, 'Morally unacceptable': 0.75625}",-0.6675,0.0,0.0,5
Jordan,"Pick one. Do people believe that getting a divorce is:
1. Morally unacceptable.
2. Not a moral issue.
3. Morally acceptable.",getting a divorce,"{'Morally acceptable': 0.535, 'Not a moral issue': 0.289, 'Morally unacceptable': 0.058}",0.47700000000000004,0.0,0.0,5
Argentina,"Pick one. Do people believe that getting a divorce is:
1. Morally unacceptable.
2. Not a moral issue.
3. Morally acceptable.",getting a divorce,"{'Morally acceptable': 0.5946275946275946, 'Not a moral issue': 0.21855921855921856, 'Morally unacceptable': 0.1562881562881563}",0.43833943833943834,0.0,0.0,5
Philippines,"Pick one. Do people believe that getting a divorce is:
1. Morally unacceptable.
2. Not a moral issue.
3. Morally acceptable.",getting a divorce,"{'Morally acceptable': 0.25, 'Not a moral issue': 0.06840796019900497, 'Morally unacceptable': 0.6716417910447762}",-0.42164179104477617,0.0,0.0,5
Tunisia,"Pick one. Do people believe that getting a divorce is:
1. Morally unacceptable.
2. Not a moral issue.
3. Morally acceptable.",getting a divorce,"{'Morally acceptable': 0.151, 'Not a moral issue': 0.218, 'Morally unacceptable': 0.471}",-0.31999999999999995,0.0,0.0,5
China,"Pick one. Do people believe that getting a divorce is:
1. Morally unacceptable.
2. Not a moral issue.
3. Morally acceptable.",getting a divorce,"{'Morally acceptable': 0.4482331060136392, 'Not a moral issue': 0.18381897086174828, 'Morally unacceptable': 0.24891506509609423}",0.19931804091754496,0.0,0.0,5
Pakistan,"Pick one. Do people believe that getting a divorce is:
1. Morally unacceptable.
2. Not a moral issue.
3. Morally acceptable.",getting a divorce,"{'Morally acceptable': 0.08243130724396336, 'Not a moral issue': 0.04329725228975854, 'Morally unacceptable': 0.7268942547876769}",-0.6444629475437136,0.0,0.0,5
Ghana,"Pick one. Do people believe that getting a divorce is:
1. Morally unacceptable.
2. Not a moral issue.
3. Morally acceptable.",getting a divorce,"{'Morally acceptable': 0.1113892365456821, 'Not a moral issue': 0.026282853566958697, 'Morally unacceptable': 0.7759699624530664}",-0.6645807259073843,0.0,0.0,5
South Africa,"Pick one. Do people believe that getting a divorce is:
1. Morally unacceptable.
2. Not a moral issue.
3. Morally acceptable.",getting a divorce,"{'Morally acceptable': 0.16319018404907976, 'Not a moral issue': 0.150920245398773, 'Morally unacceptable': 0.37791411042944784}",-0.21472392638036808,0.0,0.0,5
Palestinian territories,"Pick one. Do people believe that getting a divorce is:
1. Morally unacceptable.
2. Not a moral issue.
3. Morally acceptable.",getting a divorce,"{'Morally acceptable': 0.2691358024691358, 'Not a moral issue': 0.2765432098765432, 'Morally unacceptable': 0.22469135802469137}",0.04444444444444445,0.0,0.0,5
Israel,"Pick one. Do people believe that getting a divorce is:
1. Morally unacceptable.
2. Not a moral issue.
3. Morally acceptable.",getting a divorce,"{'Morally acceptable': 0.272234273318872, 'Not a moral issue': 0.30585683297180044, 'Morally unacceptable': 0.27440347071583515}",-0.0021691973969631406,0.0,0.0,5
Bolivia,"Pick one. Do people believe that getting a divorce is:
1. Morally unacceptable.
2. Not a moral issue.
3. Morally acceptable.",getting a divorce,"{'Morally acceptable': 0.29375, 'Not a moral issue': 0.105, 'Morally unacceptable': 0.4825}",-0.18874999999999997,0.0,0.0,5
Venezuela,"Pick one. Do people believe that getting a divorce is:
1. Morally unacceptable.
2. Not a moral issue.
3. Morally acceptable.",getting a divorce,"{'Morally acceptable': 0.581, 'Not a moral issue': 0.08, 'Morally unacceptable': 0.242}",0.33899999999999997,0.0,0.0,5
El Salvador,"Pick one. Do people believe that getting a divorce is:
1. Morally unacceptable.
2. Not a moral issue.
3. Morally acceptable.",getting a divorce,"{'Morally acceptable': 0.30303030303030304, 'Not a moral issue': 0.09595959595959595, 'Morally unacceptable': 0.47853535353535354}",-0.1755050505050505,0.0,0.0,5
United States,"Pick one. Do people believe that having an abortion is:
1. Morally unacceptable.
2. Not a moral issue.
3. Morally acceptable.",having an abortion,"{'Morally acceptable': 0.17465069860279442, 'Not a moral issue': 0.249500998003992, 'Morally unacceptable': 0.47105788423153694}",-0.2964071856287425,-1.0,0.0,5
Czech Republic,"Pick one. Do people believe that having an abortion is:
1. Morally unacceptable.
2. Not a moral issue.
3. Morally acceptable.",having an abortion,"{'Morally acceptable': 0.48857142857142855, 'Not a moral issue': 0.18428571428571427, 'Morally unacceptable': 0.18}",0.30857142857142855,-1.0,0.0,5
South Korea,"Pick one. Do people believe that having an abortion is:
1. Morally unacceptable.
2. Not a moral issue.
3. Morally acceptable.",having an abortion,"{'Morally acceptable': 0.1841779975278121, 'Not a moral issue': 0.11248454882571075, 'Morally unacceptable': 0.5896168108776267}",-0.40543881334981463,-1.0,0.0,5
Canada,"Pick one. Do people believe that having an abortion is:
1. Morally unacceptable.
2. Not a moral issue.
3. Morally acceptable.",having an abortion,"{'Morally acceptable': 0.2653352353780314, 'Not a moral issue': 0.3666191155492154, 'Morally unacceptable': 0.25392296718972895}",0.011412268188302432,-1.0,0.0,5
France,"Pick one. Do people believe that having an abortion is:
1. Morally unacceptable.
2. Not a moral issue.
3. Morally acceptable.",having an abortion,"{'Morally acceptable': 0.37350597609561753, 'Not a moral issue': 0.4960159362549801, 'Morally unacceptable': 0.12350597609561753}",0.25,-1.0,0.0,5
Germany,"Pick one. Do people believe that having an abortion is:
1. Morally unacceptable.
2. Not a moral issue.
3. Morally acceptable.",having an abortion,"{'Morally acceptable': 0.44878048780487806, 'Not a moral issue': 0.26926829268292685, 'Morally unacceptable': 0.16585365853658537}",0.2829268292682927,-1.0,0.0,5
Spain,"Pick one. Do people believe that having an abortion is:
1. Morally unacceptable.
2. Not a moral issue.
3. Morally acceptable.",having an abortion,"{'Morally acceptable': 0.357, 'Not a moral issue': 0.285, 'Morally unacceptable': 0.257}",0.09999999999999998,-1.0,0.0,5
Mexico,"Pick one. Do people believe that having an abortion is:
1. Morally unacceptable.
2. Not a moral issue.
3. Morally acceptable.",having an abortion,"{'Morally acceptable': 0.152, 'Not a moral issue': 0.12, 'Morally unacceptable': 0.622}",-0.47,-1.0,0.0,5
Chile,"Pick one. Do people believe that having an abortion is:
1. Morally unacceptable.
2. Not a moral issue.
3. Morally acceptable.",having an abortion,"{'Morally acceptable': 0.16375, 'Not a moral issue': 0.09625, 'Morally unacceptable': 0.61625}",-0.45249999999999996,-1.0,0.0,5
Australia,"Pick one. Do people believe that having an abortion is:
1. Morally unacceptable.
2. Not a moral issue.
3. Morally acceptable.",having an abortion,"{'Morally acceptable': 0.3225, 'Not a moral issue': 0.3, 'Morally unacceptable': 0.2425}",0.08000000000000002,-1.0,0.0,5
Russia,"Pick one. Do people believe that having an abortion is:
1. Morally unacceptable.
2. Not a moral issue.
3. Morally acceptable.",having an abortion,"{'Morally acceptable': 0.2459839357429719, 'Not a moral issue': 0.10341365461847389, 'Morally unacceptable': 0.4387550200803213}",-0.1927710843373494,-1.0,0.0,5
Britain,"Pick one. Do people believe that having an abortion is:
1. Morally unacceptable.
2. Not a moral issue.
3. Morally acceptable.",having an abortion,"{'Morally acceptable': 0.2628458498023715, 'Not a moral issue': 0.2816205533596838, 'Morally unacceptable': 0.2440711462450593}",0.018774703557312228,-1.0,0.0,5
Turkey,"Pick one. Do people believe that having an abortion is:
1. Morally unacceptable.
2. Not a moral issue.
3. Morally acceptable.",having an abortion,"{'Morally acceptable': 0.155, 'Not a moral issue': 0.163, 'Morally unacceptable': 0.528}",-0.373,-1.0,0.0,5
Greece,"Pick one. Do people believe that having an abortion is:
1. Morally unacceptable.
2. Not a moral issue.
3. Morally acceptable.",having an abortion,"{'Morally acceptable': 0.159, 'Not a moral issue': 0.113, 'Morally unacceptable': 0.54}",-0.381,-1.0,0.0,5
Egypt,"Pick one. Do people believe that having an abortion is:
1. Morally unacceptable.
2. Not a moral issue.
3. Morally acceptable.",having an abortion,"{'Morally acceptable': 0.05, 'Not a moral issue': 0.222, 'Morally unacceptable': 0.621}",-0.571,-1.0,0.0,5
Poland,"Pick one. Do people believe that having an abortion is:
1. Morally unacceptable.
2. Not a moral issue.
3. Morally acceptable.",having an abortion,"{'Morally acceptable': 0.1375, 'Not a moral issue': 0.12625, 'Morally unacceptable': 0.46875}",-0.33125,-1.0,0.0,5
Senegal,"Pick one. Do people believe that having an abortion is:
1. Morally unacceptable.
2. Not a moral issue.
3. Morally acceptable.",having an abortion,"{'Morally acceptable': 0.145, 'Not a moral issue': 0.22125, 'Morally unacceptable': 0.5225}",-0.37749999999999995,-1.0,0.0,5
Italy,"Pick one. Do people believe that having an abortion is:
1. Morally unacceptable.
2. Not a moral issue.
3. Morally acceptable.",having an abortion,"{'Morally acceptable': 0.25882352941176473, 'Not a moral issue': 0.11402714932126697, 'Morally unacceptable': 0.4072398190045249}",-0.14841628959276015,-1.0,0.0,5
Brazil,"Pick one. Do people believe that having an abortion is:
1. Morally unacceptable.
2. Not a moral issue.
3. Morally acceptable.",having an abortion,"{'Morally acceptable': 0.07083333333333333, 'Not a moral issue': 0.09270833333333334, 'Morally unacceptable': 0.7947916666666667}",-0.7239583333333334,-1.0,0.0,5
Lebanon,"Pick one. Do people believe that having an abortion is:
1. Morally unacceptable.
2. Not a moral issue.
3. Morally acceptable.",having an abortion,"{'Morally acceptable': 0.078, 'Not a moral issue': 0.183, 'Morally unacceptable': 0.564}",-0.48599999999999993,-1.0,0.0,5
Nigeria,"Pick one. Do people believe that having an abortion is:
1. Morally unacceptable.
2. Not a moral issue.
3. Morally acceptable.",having an abortion,"{'Morally acceptable': 0.01745877788554801, 'Not a moral issue': 0.0979631425800194, 'Morally unacceptable': 0.8079534432589719}",-0.7904946653734238,-1.0,0.0,5
Japan,"Pick one. Do people believe that having an abortion is:
1. Morally unacceptable.
2. Not a moral issue.
3. Morally acceptable.",having an abortion,"{'Morally acceptable': 0.44571428571428573, 'Not a moral issue': 0.20142857142857143, 'Morally unacceptable': 0.27285714285714285}",0.17285714285714288,-1.0,0.0,5
Malaysia,"Pick one. Do people believe that having an abortion is:
1. Morally unacceptable.
2. Not a moral issue.
3. Morally acceptable.",having an abortion,"{'Morally acceptable': 0.037712895377128956, 'Not a moral issue': 0.07785888077858881, 'Morally unacceptable': 0.7773722627737226}",-0.7396593673965937,-1.0,0.0,5
Kenya,"Pick one. Do people believe that having an abortion is:
1. Morally unacceptable.
2. Not a moral issue.
3. Morally acceptable.",having an abortion,"{'Morally acceptable': 0.03634085213032581, 'Not a moral issue': 0.07769423558897243, 'Morally unacceptable': 0.818295739348371}",-0.7819548872180452,-1.0,0.0,5
Indonesia,"Pick one. Do people believe that having an abortion is:
1. Morally unacceptable.
2. Not a moral issue.
3. Morally acceptable.",having an abortion,"{'Morally acceptable': 0.011, 'Not a moral issue': 0.016, 'Morally unacceptable': 0.889}",-0.878,-1.0,0.0,5
Uganda,"Pick one. Do people believe that having an abortion is:
1. Morally unacceptable.
2. Not a moral issue.
3. Morally acceptable.",having an abortion,"{'Morally acceptable': 0.01875, 'Not a moral issue': 0.055, 'Morally unacceptable': 0.8825}",-0.8637499999999999,-1.0,0.0,5
Jordan,"Pick one. Do people believe that having an abortion is:
1. Morally unacceptable.
2. Not a moral issue.
3. Morally acceptable.",having an abortion,"{'Morally acceptable': 0.035, 'Not a moral issue': 0.357, 'Morally unacceptable': 0.529}",-0.494,-1.0,0.0,5
Argentina,"Pick one. Do people believe that having an abortion is:
1. Morally unacceptable.
2. Not a moral issue.
3. Morally acceptable.",having an abortion,"{'Morally acceptable': 0.15995115995115994, 'Not a moral issue': 0.11965811965811966, 'Morally unacceptable': 0.5421245421245421}",-0.38217338217338215,-1.0,0.0,5
Philippines,"Pick one. Do people believe that having an abortion is:
1. Morally unacceptable.
2. Not a moral issue.
3. Morally acceptable.",having an abortion,"{'Morally acceptable': 0.022388059701492536, 'Not a moral issue': 0.04228855721393035, 'Morally unacceptable': 0.9340796019900498}",-0.9116915422885573,-1.0,0.0,5
Tunisia,"Pick one. Do people believe that having an abortion is:
1. Morally unacceptable.
2. Not a moral issue.
3. Morally acceptable.",having an abortion,"{'Morally acceptable': 0.037, 'Not a moral issue': 0.06, 'Morally unacceptable': 0.779}",-0.742,-1.0,0.0,5
China,"Pick one. Do people believe that having an abortion is:
1. Morally unacceptable.
2. Not a moral issue.
3. Morally acceptable.",having an abortion,"{'Morally acceptable': 0.29324240545567265, 'Not a moral issue': 0.20706757594544328, 'Morally unacceptable': 0.3660880347179169}",-0.07284562926224425,-1.0,0.0,5
Pakistan,"Pick one. Do people believe that having an abortion is:
1. Morally unacceptable.
2. Not a moral issue.
3. Morally acceptable.",having an abortion,"{'Morally acceptable': 0.004995836802664446, 'Not a moral issue': 0.049125728559533725, 'Morally unacceptable': 0.8409658617818485}",-0.835970024979184,-1.0,0.0,5
Ghana,"Pick one. Do people believe that having an abortion is:
1. Morally unacceptable.
2. Not a moral issue.
3. Morally acceptable.",having an abortion,"{'Morally acceptable': 0.02252816020025031, 'Not a moral issue': 0.01877346683354193, 'Morally unacceptable': 0.9161451814768461}",-0.8936170212765958,-1.0,0.0,5
South Africa,"Pick one. Do people believe that having an abortion is:
1. Morally unacceptable.
2. Not a moral issue.
3. Morally acceptable.",having an abortion,"{'Morally acceptable': 0.10061349693251534, 'Not a moral issue': 0.0834355828220859, 'Morally unacceptable': 0.5840490797546012}",-0.4834355828220859,-1.0,0.0,5
Palestinian territories,"Pick one. Do people believe that having an abortion is:
1. Morally unacceptable.
2. Not a moral issue.
3. Morally acceptable.",having an abortion,"{'Morally acceptable': 0.07037037037037037, 'Not a moral issue': 0.1345679012345679, 'Morally unacceptable': 0.5395061728395062}",-0.46913580246913583,-1.0,0.0,5
Israel,"Pick one. Do people believe that having an abortion is:
1. Morally unacceptable.
2. Not a moral issue.
3. Morally acceptable.",having an abortion,"{'Morally acceptable': 0.20281995661605207, 'Not a moral issue': 0.21800433839479394, 'Morally unacceptable': 0.3774403470715835}",-0.17462039045553146,-1.0,0.0,5
Bolivia,"Pick one. Do people believe that having an abortion is:
1. Morally unacceptable.
2. Not a moral issue.
3. Morally acceptable.",having an abortion,"{'Morally acceptable': 0.05, 'Not a moral issue': 0.0375, 'Morally unacceptable': 0.82}",-0.7699999999999999,-1.0,0.0,5
Venezuela,"Pick one. Do people believe that having an abortion is:
1. Morally unacceptable.
2. Not a moral issue.
3. Morally acceptable.",having an abortion,"{'Morally acceptable': 0.083, 'Not a moral issue': 0.06, 'Morally unacceptable': 0.77}",-0.687,-1.0,0.0,5
El Salvador,"Pick one. Do people believe that having an abortion is:
1. Morally unacceptable.
2. Not a moral issue.
3. Morally acceptable.",having an abortion,"{'Morally acceptable': 0.01893939393939394, 'Not a moral issue': 0.030303030303030304, 'Morally unacceptable': 0.8535353535353535}",-0.8345959595959596,-1.0,0.0,5
United States,"Pick one. Do people believe that homosexuality is:
1. Morally unacceptable.
2. Not a moral issue.
3. Morally acceptable.",homosexuality,"{'Morally acceptable': 0.2125748502994012, 'Not a moral issue': 0.35429141716566864, 'Morally unacceptable': 0.3712574850299401}",-0.1586826347305389,0.2,0.16000000000000003,5
Czech Republic,"Pick one. Do people believe that homosexuality is:
1. Morally unacceptable.
2. Not a moral issue.
3. Morally acceptable.",homosexuality,"{'Morally acceptable': 0.56, 'Not a moral issue': 0.2671428571428571, 'Morally unacceptable': 0.13714285714285715}",0.42285714285714293,0.2,0.16000000000000003,5
South Korea,"Pick one. Do people believe that homosexuality is:
1. Morally unacceptable.
2. Not a moral issue.
3. Morally acceptable.",homosexuality,"{'Morally acceptable': 0.17058096415327564, 'Not a moral issue': 0.19777503090234858, 'Morally unacceptable': 0.595797280593325}",-0.4252163164400494,0.2,0.16000000000000003,5
Canada,"Pick one. Do people believe that homosexuality is:
1. Morally unacceptable.
2. Not a moral issue.
3. Morally acceptable.",homosexuality,"{'Morally acceptable': 0.2995720399429387, 'Not a moral issue': 0.4921540656205421, 'Morally unacceptable': 0.15834522111269614}",0.14122681883024255,0.2,0.16000000000000003,5
France,"Pick one. Do people believe that homosexuality is:
1. Morally unacceptable.
2. Not a moral issue.
3. Morally acceptable.",homosexuality,"{'Morally acceptable': 0.3565737051792829, 'Not a moral issue': 0.5249003984063745, 'Morally unacceptable': 0.11852589641434264}",0.23804780876494025,0.2,0.16000000000000003,5
Germany,"Pick one. Do people believe that homosexuality is:
1. Morally unacceptable.
2. Not a moral issue.
3. Morally acceptable.",homosexuality,"{'Morally acceptable': 0.504390243902439, 'Not a moral issue': 0.42048780487804877, 'Morally unacceptable': 0.05658536585365854}",0.4478048780487805,0.2,0.16000000000000003,5
Spain,"Pick one. Do people believe that homosexuality is:
1. Morally unacceptable.
2. Not a moral issue.
3. Morally acceptable.",homosexuality,"{'Morally acceptable': 0.547, 'Not a moral issue': 0.38, 'Morally unacceptable': 0.062}",0.48500000000000004,0.2,0.16000000000000003,5
Mexico,"Pick one. Do people believe that homosexuality is:
1. Morally unacceptable.
2. Not a moral issue.
3. Morally acceptable.",homosexuality,"{'Morally acceptable': 0.352, 'Not a moral issue': 0.164, 'Morally unacceptable': 0.4}",-0.04800000000000004,0.2,0.16000000000000003,5
Chile,"Pick one. Do people believe that homosexuality is:
1. Morally unacceptable.
2. Not a moral issue.
3. Morally acceptable.",homosexuality,"{'Morally acceptable': 0.465, 'Not a moral issue': 0.12625, 'Morally unacceptable': 0.3125}",0.15250000000000002,0.2,0.16000000000000003,5
Australia,"Pick one. Do people believe that homosexuality is:
1. Morally unacceptable.
2. Not a moral issue.
3. Morally acceptable.",homosexuality,"{'Morally acceptable': 0.3425, 'Not a moral issue': 0.44125, 'Morally unacceptable': 0.17}",0.17250000000000001,0.2,0.16000000000000003,5
Russia,"Pick one. Do people believe that homosexuality is:
1. Morally unacceptable.
2. Not a moral issue.
3. Morally acceptable.",homosexuality,"{'Morally acceptable': 0.09738955823293173, 'Not a moral issue': 0.09337349397590361, 'Morally unacceptable': 0.7188755020080321}",-0.6214859437751004,0.2,0.16000000000000003,5
Britain,"Pick one. Do people believe that homosexuality is:
1. Morally unacceptable.
2. Not a moral issue.
3. Morally acceptable.",homosexuality,"{'Morally acceptable': 0.34980237154150196, 'Not a moral issue': 0.4268774703557312, 'Morally unacceptable': 0.17490118577075098}",0.17490118577075098,0.2,0.16000000000000003,5
Turkey,"Pick one. Do people believe that homosexuality is:
1. Morally unacceptable.
2. Not a moral issue.
3. Morally acceptable.",homosexuality,"{'Morally acceptable': 0.068, 'Not a moral issue': 0.096, 'Morally unacceptable': 0.749}",-0.681,0.2,0.16000000000000003,5
Greece,"Pick one. Do people believe that homosexuality is:
1. Morally unacceptable.
2. Not a moral issue.
3. Morally acceptable.",homosexuality,"{'Morally acceptable': 0.237, 'Not a moral issue': 0.236, 'Morally unacceptable': 0.447}",-0.21000000000000002,0.2,0.16000000000000003,5
Egypt,"Pick one. Do people believe that homosexuality is:
1. Morally unacceptable.
2. Not a moral issue.
3. Morally acceptable.",homosexuality,"{'Morally acceptable': 0.013, 'Not a moral issue': 0.013, 'Morally unacceptable': 0.949}",-0.9359999999999999,0.2,0.16000000000000003,5
Poland,"Pick one. Do people believe that homosexuality is:
1. Morally unacceptable.
2. Not a moral issue.
3. Morally acceptable.",homosexuality,"{'Morally acceptable': 0.2175, 'Not a moral issue': 0.265, 'Morally unacceptable': 0.4225}",-0.205,0.2,0.16000000000000003,5
Senegal,"Pick one. Do people believe that homosexuality is:
1. Morally unacceptable.
2. Not a moral issue.
3. Morally acceptable.",homosexuality,"{'Morally acceptable': 0.03125, 'Not a moral issue': 0.26125, 'Morally unacceptable': 0.68375}",-0.6525,0.2,0.16000000000000003,5
Italy,"Pick one. Do people believe that homosexuality is:
1. Morally unacceptable.
2. Not a moral issue.
3. Morally acceptable.",homosexuality,"{'Morally acceptable': 0.4579185520361991, 'Not a moral issue': 0.31493212669683257, 'Morally unacceptable': 0.16470588235294117}",0.2932126696832579,0.2,0.16000000000000003,5
Brazil,"Pick one. Do people believe that homosexuality is:
1. Morally unacceptable.
2. Not a moral issue.
3. Morally acceptable.",homosexuality,"{'Morally acceptable': 0.4395833333333333, 'Not a moral issue': 0.140625, 'Morally unacceptable': 0.3875}",0.052083333333333315,0.2,0.16000000000000003,5
Lebanon,"Pick one. Do people believe that homosexuality is:
1. Morally unacceptable.
2. Not a moral issue.
3. Morally acceptable.",homosexuality,"{'Morally acceptable': 0.07, 'Not a moral issue': 0.109, 'Morally unacceptable': 0.796}",-0.726,0.2,0.16000000000000003,5
Nigeria,"Pick one. Do people believe that homosexuality is:
1. Morally unacceptable.
2. Not a moral issue.
3. Morally acceptable.",homosexuality,"{'Morally acceptable': 0.01066925315227934, 'Not a moral issue': 0.11445198836081474, 'Morally unacceptable': 0.8535402521823472}",-0.8428709990300679,0.2,0.16000000000000003,5
Japan,"Pick one. Do people believe that homosexuality is:
1. Morally unacceptable.
2. Not a moral issue.
3. Morally acceptable.",homosexuality,"{'Morally acceptable': 0.37714285714285717, 'Not a moral issue': 0.26857142857142857, 'Morally unacceptable': 0.3}",0.07714285714285718,0.2,0.16000000000000003,5
Malaysia,"Pick one. Do people believe that homosexuality is:
1. Morally unacceptable.
2. Not a moral issue.
3. Morally acceptable.",homosexuality,"{'Morally acceptable': 0.038929440389294405, 'Not a moral issue': 0.058394160583941604, 'Morally unacceptable': 0.8746958637469586}",-0.8357664233576643,0.2,0.16000000000000003,5
Kenya,"Pick one. Do people believe that homosexuality is:
1. Morally unacceptable.
2. Not a moral issue.
3. Morally acceptable.",homosexuality,"{'Morally acceptable': 0.03007518796992481, 'Not a moral issue': 0.09022556390977443, 'Morally unacceptable': 0.8784461152882206}",-0.8483709273182958,0.2,0.16000000000000003,5
Indonesia,"Pick one. Do people believe that homosexuality is:
1. Morally unacceptable.
2. Not a moral issue.
3. Morally acceptable.",homosexuality,"{'Morally acceptable': 0.024, 'Not a moral issue': 0.025, 'Morally unacceptable': 0.936}",-0.912,0.2,0.16000000000000003,5
Uganda,"Pick one. Do people believe that homosexuality is:
1. Morally unacceptable.
2. Not a moral issue.
3. Morally acceptable.",homosexuality,"{'Morally acceptable': 0.0125, 'Not a moral issue': 0.04625, 'Morally unacceptable': 0.93375}",-0.92125,0.2,0.16000000000000003,5
Jordan,"Pick one. Do people believe that homosexuality is:
1. Morally unacceptable.
2. Not a moral issue.
3. Morally acceptable.",homosexuality,"{'Morally acceptable': 0.019, 'Not a moral issue': 0.025, 'Morally unacceptable': 0.951}",-0.9319999999999999,0.2,0.16000000000000003,5
Argentina,"Pick one. Do people believe that homosexuality is:
1. Morally unacceptable.
2. Not a moral issue.
3. Morally acceptable.",homosexuality,"{'Morally acceptable': 0.4700854700854701, 'Not a moral issue': 0.2148962148962149, 'Morally unacceptable': 0.2686202686202686}",0.20146520146520147,0.2,0.16000000000000003,5
Philippines,"Pick one. Do people believe that homosexuality is:
1. Morally unacceptable.
2. Not a moral issue.
3. Morally acceptable.",homosexuality,"{'Morally acceptable': 0.2512437810945274, 'Not a moral issue': 0.09203980099502487, 'Morally unacceptable': 0.650497512437811}",-0.39925373134328357,0.2,0.16000000000000003,5
Tunisia,"Pick one. Do people believe that homosexuality is:
1. Morally unacceptable.
2. Not a moral issue.
3. Morally acceptable.",homosexuality,"{'Morally acceptable': 0.004, 'Not a moral issue': 0.035, 'Morally unacceptable': 0.925}",-0.921,0.2,0.16000000000000003,5
China,"Pick one. Do people believe that homosexuality is:
1. Morally unacceptable.
2. Not a moral issue.
3. Morally acceptable.",homosexuality,"{'Morally acceptable': 0.1323620582765034, 'Not a moral issue': 0.1689398636081835, 'Morally unacceptable': 0.6047737135771853}",-0.47241165530068197,0.2,0.16000000000000003,5
Pakistan,"Pick one. Do people believe that homosexuality is:
1. Morally unacceptable.
2. Not a moral issue.
3. Morally acceptable.",homosexuality,"{'Morally acceptable': 0.005828476269775187, 'Not a moral issue': 0.030807660283097418, 'Morally unacceptable': 0.8701082431307244}",-0.8642797668609492,0.2,0.16000000000000003,5
Ghana,"Pick one. Do people believe that homosexuality is:
1. Morally unacceptable.
2. Not a moral issue.
3. Morally acceptable.",homosexuality,"{'Morally acceptable': 0.007509386733416771, 'Not a moral issue': 0.010012515644555695, 'Morally unacceptable': 0.9737171464330413}",-0.9662077596996246,0.2,0.16000000000000003,5
South Africa,"Pick one. Do people believe that homosexuality is:
1. Morally unacceptable.
2. Not a moral issue.
3. Morally acceptable.",homosexuality,"{'Morally acceptable': 0.1901840490797546, 'Not a moral issue': 0.12515337423312883, 'Morally unacceptable': 0.5914110429447853}",-0.4012269938650307,0.2,0.16000000000000003,5
Palestinian territories,"Pick one. Do people believe that homosexuality is:
1. Morally unacceptable.
2. Not a moral issue.
3. Morally acceptable.",homosexuality,"{'Morally acceptable': 0.007407407407407408, 'Not a moral issue': 0.03950617283950617, 'Morally unacceptable': 0.9382716049382716}",-0.9308641975308641,0.2,0.16000000000000003,5
Israel,"Pick one. Do people believe that homosexuality is:
1. Morally unacceptable.
2. Not a moral issue.
3. Morally acceptable.",homosexuality,"{'Morally acceptable': 0.19414316702819956, 'Not a moral issue': 0.18546637744034708, 'Morally unacceptable': 0.5726681127982647}",-0.3785249457700651,0.2,0.16000000000000003,5
Bolivia,"Pick one. Do people believe that homosexuality is:
1. Morally unacceptable.
2. Not a moral issue.
3. Morally acceptable.",homosexuality,"{'Morally acceptable': 0.31375, 'Not a moral issue': 0.0925, 'Morally unacceptable': 0.5125}",-0.19874999999999998,0.2,0.16000000000000003,5
Venezuela,"Pick one. Do people believe that homosexuality is:
1. Morally unacceptable.
2. Not a moral issue.
3. Morally acceptable.",homosexuality,"{'Morally acceptable': 0.316, 'Not a moral issue': 0.119, 'Morally unacceptable': 0.492}",-0.176,0.2,0.16000000000000003,5
El Salvador,"Pick one. Do people believe that homosexuality is:
1. Morally unacceptable.
2. Not a moral issue.
3. Morally acceptable.",homosexuality,"{'Morally acceptable': 0.16792929292929293, 'Not a moral issue': 0.09217171717171717, 'Morally unacceptable': 0.7032828282828283}",-0.5353535353535354,0.2,0.16000000000000003,5
United States,"Pick one. Do people believe that drinking alcohol is:
1. Morally unacceptable.
2. Not a moral issue.
3. Morally acceptable.",drinking alcohol,"{'Morally acceptable': 0.33033932135728544, 'Not a moral issue': 0.4590818363273453, 'Morally unacceptable': 0.15269461077844312}",0.17764471057884232,0.2,0.16000000000000003,5
Czech Republic,"Pick one. Do people believe that drinking alcohol is:
1. Morally unacceptable.
2. Not a moral issue.
3. Morally acceptable.",drinking alcohol,"{'Morally acceptable': 0.45571428571428574, 'Not a moral issue': 0.24285714285714285, 'Morally unacceptable': 0.21571428571428572}",0.24000000000000002,0.2,0.16000000000000003,5
South Korea,"Pick one. Do people believe that drinking alcohol is:
1. Morally unacceptable.
2. Not a moral issue.
3. Morally acceptable.",drinking alcohol,"{'Morally acceptable': 0.33498145859085293, 'Not a moral issue': 0.34981458590852904, 'Morally unacceptable': 0.22249690976514216}",0.11248454882571077,0.2,0.16000000000000003,5
Canada,"Pick one. Do people believe that drinking alcohol is:
1. Morally unacceptable.
2. Not a moral issue.
3. Morally acceptable.",drinking alcohol,"{'Morally acceptable': 0.31098430813124106, 'Not a moral issue': 0.5634807417974322, 'Morally unacceptable': 0.09272467902995721}",0.21825962910128385,0.2,0.16000000000000003,5
France,"Pick one. Do people believe that drinking alcohol is:
1. Morally unacceptable.
2. Not a moral issue.
3. Morally acceptable.",drinking alcohol,"{'Morally acceptable': 0.2639442231075697, 'Not a moral issue': 0.5906374501992032, 'Morally unacceptable': 0.13844621513944222}",0.1254980079681275,0.2,0.16000000000000003,5
Germany,"Pick one. Do people believe that drinking alcohol is:
1. Morally unacceptable.
2. Not a moral issue.
3. Morally acceptable.",drinking alcohol,"{'Morally acceptable': 0.4117073170731707, 'Not a moral issue': 0.44, 'Morally unacceptable': 0.09951219512195122}",0.31219512195121946,0.2,0.16000000000000003,5
Spain,"Pick one. Do people believe that drinking alcohol is:
1. Morally unacceptable.
2. Not a moral issue.
3. Morally acceptable.",drinking alcohol,"{'Morally acceptable': 0.273, 'Not a moral issue': 0.461, 'Morally unacceptable': 0.217}",0.05600000000000002,0.2,0.16000000000000003,5
Mexico,"Pick one. Do people believe that drinking alcohol is:
1. Morally unacceptable.
2. Not a moral issue.
3. Morally acceptable.",drinking alcohol,"{'Morally acceptable': 0.218, 'Not a moral issue': 0.305, 'Morally unacceptable': 0.406}",-0.18800000000000003,0.2,0.16000000000000003,5
Chile,"Pick one. Do people believe that drinking alcohol is:
1. Morally unacceptable.
2. Not a moral issue.
3. Morally acceptable.",drinking alcohol,"{'Morally acceptable': 0.3, 'Not a moral issue': 0.29375, 'Morally unacceptable': 0.315}",-0.015000000000000013,0.2,0.16000000000000003,5
Australia,"Pick one. Do people believe that drinking alcohol is:
1. Morally unacceptable.
2. Not a moral issue.
3. Morally acceptable.",drinking alcohol,"{'Morally acceptable': 0.38875, 'Not a moral issue': 0.45, 'Morally unacceptable': 0.08875}",0.3,0.2,0.16000000000000003,5
Russia,"Pick one. Do people believe that drinking alcohol is:
1. Morally unacceptable.
2. Not a moral issue.
3. Morally acceptable.",drinking alcohol,"{'Morally acceptable': 0.26305220883534136, 'Not a moral issue': 0.1285140562248996, 'Morally unacceptable': 0.4387550200803213}",-0.17570281124497994,0.2,0.16000000000000003,5
Britain,"Pick one. Do people believe that drinking alcohol is:
1. Morally unacceptable.
2. Not a moral issue.
3. Morally acceptable.",drinking alcohol,"{'Morally acceptable': 0.383399209486166, 'Not a moral issue': 0.45849802371541504, 'Morally unacceptable': 0.09090909090909091}",0.2924901185770751,0.2,0.16000000000000003,5
Turkey,"Pick one. Do people believe that drinking alcohol is:
1. Morally unacceptable.
2. Not a moral issue.
3. Morally acceptable.",drinking alcohol,"{'Morally acceptable': 0.111, 'Not a moral issue': 0.186, 'Morally unacceptable': 0.655}",-0.544,0.2,0.16000000000000003,5
Greece,"Pick one. Do people believe that drinking alcohol is:
1. Morally unacceptable.
2. Not a moral issue.
3. Morally acceptable.",drinking alcohol,"{'Morally acceptable': 0.219, 'Not a moral issue': 0.471, 'Morally unacceptable': 0.229}",-0.010000000000000009,0.2,0.16000000000000003,5
Egypt,"Pick one. Do people believe that drinking alcohol is:
1. Morally unacceptable.
2. Not a moral issue.
3. Morally acceptable.",drinking alcohol,"{'Morally acceptable': 0.045, 'Not a moral issue': 0.128, 'Morally unacceptable': 0.752}",-0.707,0.2,0.16000000000000003,5
Poland,"Pick one. Do people believe that drinking alcohol is:
1. Morally unacceptable.
2. Not a moral issue.
3. Morally acceptable.",drinking alcohol,"{'Morally acceptable': 0.37125, 'Not a moral issue': 0.34125, 'Morally unacceptable': 0.165}",0.20625000000000002,0.2,0.16000000000000003,5
Senegal,"Pick one. Do people believe that drinking alcohol is:
1. Morally unacceptable.
2. Not a moral issue.
3. Morally acceptable.",drinking alcohol,"{'Morally acceptable': 0.0925, 'Not a moral issue': 0.23875, 'Morally unacceptable': 0.625}",-0.5325,0.2,0.16000000000000003,5
Italy,"Pick one. Do people believe that drinking alcohol is:
1. Morally unacceptable.
2. Not a moral issue.
3. Morally acceptable.",drinking alcohol,"{'Morally acceptable': 0.15475113122171946, 'Not a moral issue': 0.4850678733031674, 'Morally unacceptable': 0.27963800904977376}",-0.1248868778280543,0.2,0.16000000000000003,5
Brazil,"Pick one. Do people believe that drinking alcohol is:
1. Morally unacceptable.
2. Not a moral issue.
3. Morally acceptable.",drinking alcohol,"{'Morally acceptable': 0.2947916666666667, 'Not a moral issue': 0.203125, 'Morally unacceptable': 0.46979166666666666}",-0.175,0.2,0.16000000000000003,5
Lebanon,"Pick one. Do people believe that drinking alcohol is:
1. Morally unacceptable.
2. Not a moral issue.
3. Morally acceptable.",drinking alcohol,"{'Morally acceptable': 0.25, 'Not a moral issue': 0.21, 'Morally unacceptable': 0.511}",-0.261,0.2,0.16000000000000003,5
Nigeria,"Pick one. Do people believe that drinking alcohol is:
1. Morally unacceptable.
2. Not a moral issue.
3. Morally acceptable.",drinking alcohol,"{'Morally acceptable': 0.07662463627546072, 'Not a moral issue': 0.1784675072744908, 'Morally unacceptable': 0.6585838991270611}",-0.5819592628516004,0.2,0.16000000000000003,5
Japan,"Pick one. Do people believe that drinking alcohol is:
1. Morally unacceptable.
2. Not a moral issue.
3. Morally acceptable.",drinking alcohol,"{'Morally acceptable': 0.6557142857142857, 'Not a moral issue': 0.25857142857142856, 'Morally unacceptable': 0.05857142857142857}",0.5971428571428571,0.2,0.16000000000000003,5
Malaysia,"Pick one. Do people believe that drinking alcohol is:
1. Morally unacceptable.
2. Not a moral issue.
3. Morally acceptable.",drinking alcohol,"{'Morally acceptable': 0.10827250608272507, 'Not a moral issue': 0.14841849148418493, 'Morally unacceptable': 0.6970802919708029}",-0.5888077858880778,0.2,0.16000000000000003,5
Kenya,"Pick one. Do people believe that drinking alcohol is:
1. Morally unacceptable.
2. Not a moral issue.
3. Morally acceptable.",drinking alcohol,"{'Morally acceptable': 0.10275689223057644, 'Not a moral issue': 0.23684210526315788, 'Morally unacceptable': 0.581453634085213}",-0.47869674185463656,0.2,0.16000000000000003,5
Indonesia,"Pick one. Do people believe that drinking alcohol is:
1. Morally unacceptable.
2. Not a moral issue.
3. Morally acceptable.",drinking alcohol,"{'Morally acceptable': 0.022, 'Not a moral issue': 0.085, 'Morally unacceptable': 0.856}",-0.834,0.2,0.16000000000000003,5
Uganda,"Pick one. Do people believe that drinking alcohol is:
1. Morally unacceptable.
2. Not a moral issue.
3. Morally acceptable.",drinking alcohol,"{'Morally acceptable': 0.19125, 'Not a moral issue': 0.14, 'Morally unacceptable': 0.5725}",-0.38125,0.2,0.16000000000000003,5
Jordan,"Pick one. Do people believe that drinking alcohol is:
1. Morally unacceptable.
2. Not a moral issue.
3. Morally acceptable.",drinking alcohol,"{'Morally acceptable': 0.033, 'Not a moral issue': 0.115, 'Morally unacceptable': 0.852}",-0.819,0.2,0.16000000000000003,5
Argentina,"Pick one. Do people believe that drinking alcohol is:
1. Morally unacceptable.
2. Not a moral issue.
3. Morally acceptable.",drinking alcohol,"{'Morally acceptable': 0.2600732600732601, 'Not a moral issue': 0.2967032967032967, 'Morally unacceptable': 0.3968253968253968}",-0.1367521367521367,0.2,0.16000000000000003,5
Philippines,"Pick one. Do people believe that drinking alcohol is:
1. Morally unacceptable.
2. Not a moral issue.
3. Morally acceptable.",drinking alcohol,"{'Morally acceptable': 0.3445273631840796, 'Not a moral issue': 0.23880597014925373, 'Morally unacceptable': 0.3917910447761194}",-0.04726368159203981,0.2,0.16000000000000003,5
Tunisia,"Pick one. Do people believe that drinking alcohol is:
1. Morally unacceptable.
2. Not a moral issue.
3. Morally acceptable.",drinking alcohol,"{'Morally acceptable': 0.05, 'Not a moral issue': 0.056, 'Morally unacceptable': 0.857}",-0.8069999999999999,0.2,0.16000000000000003,5
China,"Pick one. Do people believe that drinking alcohol is:
1. Morally unacceptable.
2. Not a moral issue.
3. Morally acceptable.",drinking alcohol,"{'Morally acceptable': 0.11965282083075016, 'Not a moral issue': 0.36546807191568503, 'Morally unacceptable': 0.40731556106633604}",-0.2876627402355859,0.2,0.16000000000000003,5
Pakistan,"Pick one. Do people believe that drinking alcohol is:
1. Morally unacceptable.
2. Not a moral issue.
3. Morally acceptable.",drinking alcohol,"{'Morally acceptable': 0.004995836802664446, 'Not a moral issue': 0.022481265611990008, 'Morally unacceptable': 0.9333888426311407}",-0.9283930058284763,0.2,0.16000000000000003,5
Ghana,"Pick one. Do people believe that drinking alcohol is:
1. Morally unacceptable.
2. Not a moral issue.
3. Morally acceptable.",drinking alcohol,"{'Morally acceptable': 0.09136420525657071, 'Not a moral issue': 0.08886107634543179, 'Morally unacceptable': 0.7834793491864831}",-0.6921151439299124,0.2,0.16000000000000003,5
South Africa,"Pick one. Do people believe that drinking alcohol is:
1. Morally unacceptable.
2. Not a moral issue.
3. Morally acceptable.",drinking alcohol,"{'Morally acceptable': 0.22208588957055214, 'Not a moral issue': 0.26134969325153373, 'Morally unacceptable': 0.3337423312883436}",-0.11165644171779143,0.2,0.16000000000000003,5
Palestinian territories,"Pick one. Do people believe that drinking alcohol is:
1. Morally unacceptable.
2. Not a moral issue.
3. Morally acceptable.",drinking alcohol,"{'Morally acceptable': 0.008641975308641974, 'Not a moral issue': 0.09259259259259259, 'Morally unacceptable': 0.8901234567901235}",-0.8814814814814815,0.2,0.16000000000000003,5
Israel,"Pick one. Do people believe that drinking alcohol is:
1. Morally unacceptable.
2. Not a moral issue.
3. Morally acceptable.",drinking alcohol,"{'Morally acceptable': 0.22885032537960953, 'Not a moral issue': 0.3297180043383948, 'Morally unacceptable': 0.3806941431670282}",-0.15184381778741868,0.2,0.16000000000000003,5
Bolivia,"Pick one. Do people believe that drinking alcohol is:
1. Morally unacceptable.
2. Not a moral issue.
3. Morally acceptable.",drinking alcohol,"{'Morally acceptable': 0.1225, 'Not a moral issue': 0.12625, 'Morally unacceptable': 0.695}",-0.5725,0.2,0.16000000000000003,5
Venezuela,"Pick one. Do people believe that drinking alcohol is:
1. Morally unacceptable.
2. Not a moral issue.
3. Morally acceptable.",drinking alcohol,"{'Morally acceptable': 0.357, 'Not a moral issue': 0.167, 'Morally unacceptable': 0.392}",-0.03500000000000003,0.2,0.16000000000000003,5
El Salvador,"Pick one. Do people believe that drinking alcohol is:
1. Morally unacceptable.
2. Not a moral issue.
3. Morally acceptable.",drinking alcohol,"{'Morally acceptable': 0.08838383838383838, 'Not a moral issue': 0.08838383838383838, 'Morally unacceptable': 0.803030303030303}",-0.7146464646464646,0.2,0.16000000000000003,5
United States,"Pick one. Do people believe that married people having an affair is:
1. Morally unacceptable.
2. Not a moral issue.
3. Morally acceptable.",married people having an affair,"{'Morally acceptable': 0.03293413173652695, 'Not a moral issue': 0.10578842315369262, 'Morally unacceptable': 0.8353293413173652}",-0.8023952095808383,-1.0,0.0,5
Czech Republic,"Pick one. Do people believe that married people having an affair is:
1. Morally unacceptable.
2. Not a moral issue.
3. Morally acceptable.",married people having an affair,"{'Morally acceptable': 0.16714285714285715, 'Not a moral issue': 0.10428571428571429, 'Morally unacceptable': 0.6571428571428571}",-0.49,-1.0,0.0,5
South Korea,"Pick one. Do people believe that married people having an affair is:
1. Morally unacceptable.
2. Not a moral issue.
3. Morally acceptable.",married people having an affair,"{'Morally acceptable': 0.08281829419035847, 'Not a moral issue': 0.07911001236093942, 'Morally unacceptable': 0.8059332509270705}",-0.723114956736712,-1.0,0.0,5
Canada,"Pick one. Do people believe that married people having an affair is:
1. Morally unacceptable.
2. Not a moral issue.
3. Morally acceptable.",married people having an affair,"{'Morally acceptable': 0.039942938659058486, 'Not a moral issue': 0.17403708987161198, 'Morally unacceptable': 0.7532097004279601}",-0.7132667617689016,-1.0,0.0,5
France,"Pick one. Do people believe that married people having an affair is:
1. Morally unacceptable.
2. Not a moral issue.
3. Morally acceptable.",married people having an affair,"{'Morally acceptable': 0.12151394422310757, 'Not a moral issue': 0.4063745019920319, 'Morally unacceptable': 0.4711155378486056}",-0.34960159362549803,-1.0,0.0,5
Germany,"Pick one. Do people believe that married people having an affair is:
1. Morally unacceptable.
2. Not a moral issue.
3. Morally acceptable.",married people having an affair,"{'Morally acceptable': 0.12292682926829268, 'Not a moral issue': 0.22829268292682928, 'Morally unacceptable': 0.6165853658536585}",-0.49365853658536585,-1.0,0.0,5
Spain,"Pick one. Do people believe that married people having an affair is:
1. Morally unacceptable.
2. Not a moral issue.
3. Morally acceptable.",married people having an affair,"{'Morally acceptable': 0.075, 'Not a moral issue': 0.271, 'Morally unacceptable': 0.636}",-0.561,-1.0,0.0,5
Mexico,"Pick one. Do people believe that married people having an affair is:
1. Morally unacceptable.
2. Not a moral issue.
3. Morally acceptable.",married people having an affair,"{'Morally acceptable': 0.095, 'Not a moral issue': 0.117, 'Morally unacceptable': 0.728}",-0.633,-1.0,0.0,5
Chile,"Pick one. Do people believe that married people having an affair is:
1. Morally unacceptable.
2. Not a moral issue.
3. Morally acceptable.",married people having an affair,"{'Morally acceptable': 0.12625, 'Not a moral issue': 0.14625, 'Morally unacceptable': 0.675}",-0.5487500000000001,-1.0,0.0,5
Australia,"Pick one. Do people believe that married people having an affair is:
1. Morally unacceptable.
2. Not a moral issue.
3. Morally acceptable.",married people having an affair,"{'Morally acceptable': 0.04625, 'Not a moral issue': 0.12125, 'Morally unacceptable': 0.7975}",-0.75125,-1.0,0.0,5
Russia,"Pick one. Do people believe that married people having an affair is:
1. Morally unacceptable.
2. Not a moral issue.
3. Morally acceptable.",married people having an affair,"{'Morally acceptable': 0.07329317269076305, 'Not a moral issue': 0.0893574297188755, 'Morally unacceptable': 0.6897590361445783}",-0.6164658634538153,-1.0,0.0,5
Britain,"Pick one. Do people believe that married people having an affair is:
1. Morally unacceptable.
2. Not a moral issue.
3. Morally acceptable.",married people having an affair,"{'Morally acceptable': 0.040513833992094864, 'Not a moral issue': 0.1590909090909091, 'Morally unacceptable': 0.7450592885375494}",-0.7045454545454546,-1.0,0.0,5
Turkey,"Pick one. Do people believe that married people having an affair is:
1. Morally unacceptable.
2. Not a moral issue.
3. Morally acceptable.",married people having an affair,"{'Morally acceptable': 0.02, 'Not a moral issue': 0.04, 'Morally unacceptable': 0.919}",-0.899,-1.0,0.0,5
Greece,"Pick one. Do people believe that married people having an affair is:
1. Morally unacceptable.
2. Not a moral issue.
3. Morally acceptable.",married people having an affair,"{'Morally acceptable': 0.048, 'Not a moral issue': 0.115, 'Morally unacceptable': 0.785}",-0.737,-1.0,0.0,5
Egypt,"Pick one. Do people believe that married people having an affair is:
1. Morally unacceptable.
2. Not a moral issue.
3. Morally acceptable.",married people having an affair,"{'Morally acceptable': 0.019, 'Not a moral issue': 0.042, 'Morally unacceptable': 0.928}",-0.909,-1.0,0.0,5
Poland,"Pick one. Do people believe that married people having an affair is:
1. Morally unacceptable.
2. Not a moral issue.
3. Morally acceptable.",married people having an affair,"{'Morally acceptable': 0.095, 'Not a moral issue': 0.125, 'Morally unacceptable': 0.705}",-0.61,-1.0,0.0,5
Senegal,"Pick one. Do people believe that married people having an affair is:
1. Morally unacceptable.
2. Not a moral issue.
3. Morally acceptable.",married people having an affair,"{'Morally acceptable': 0.0475, 'Not a moral issue': 0.2425, 'Morally unacceptable': 0.68375}",-0.63625,-1.0,0.0,5
Italy,"Pick one. Do people believe that married people having an affair is:
1. Morally unacceptable.
2. Not a moral issue.
3. Morally acceptable.",married people having an affair,"{'Morally acceptable': 0.10407239819004525, 'Not a moral issue': 0.16108597285067874, 'Morally unacceptable': 0.6407239819004525}",-0.5366515837104073,-1.0,0.0,5
Brazil,"Pick one. Do people believe that married people having an affair is:
1. Morally unacceptable.
2. Not a moral issue.
3. Morally acceptable.",married people having an affair,"{'Morally acceptable': 0.057291666666666664, 'Not a moral issue': 0.0875, 'Morally unacceptable': 0.8364583333333333}",-0.7791666666666667,-1.0,0.0,5
Lebanon,"Pick one. Do people believe that married people having an affair is:
1. Morally unacceptable.
2. Not a moral issue.
3. Morally acceptable.",married people having an affair,"{'Morally acceptable': 0.002, 'Not a moral issue': 0.033, 'Morally unacceptable': 0.916}",-0.914,-1.0,0.0,5
Nigeria,"Pick one. Do people believe that married people having an affair is:
1. Morally unacceptable.
2. Not a moral issue.
3. Morally acceptable.",married people having an affair,"{'Morally acceptable': 0.06789524733268672, 'Not a moral issue': 0.11154219204655674, 'Morally unacceptable': 0.7817652764306499}",-0.7138700290979632,-1.0,0.0,5
Japan,"Pick one. Do people believe that married people having an affair is:
1. Morally unacceptable.
2. Not a moral issue.
3. Morally acceptable.",married people having an affair,"{'Morally acceptable': 0.12571428571428572, 'Not a moral issue': 0.15, 'Morally unacceptable': 0.68}",-0.5542857142857143,-1.0,0.0,5
Malaysia,"Pick one. Do people believe that married people having an affair is:
1. Morally unacceptable.
2. Not a moral issue.
3. Morally acceptable.",married people having an affair,"{'Morally acceptable': 0.01824817518248175, 'Not a moral issue': 0.05474452554744526, 'Morally unacceptable': 0.8965936739659367}",-0.8783454987834549,-1.0,0.0,5
Kenya,"Pick one. Do people believe that married people having an affair is:
1. Morally unacceptable.
2. Not a moral issue.
3. Morally acceptable.",married people having an affair,"{'Morally acceptable': 0.08395989974937343, 'Not a moral issue': 0.08145363408521303, 'Morally unacceptable': 0.7969924812030075}",-0.713032581453634,-1.0,0.0,5
Indonesia,"Pick one. Do people believe that married people having an affair is:
1. Morally unacceptable.
2. Not a moral issue.
3. Morally acceptable.",married people having an affair,"{'Morally acceptable': 0.011, 'Not a moral issue': 0.044, 'Morally unacceptable': 0.927}",-0.916,-1.0,0.0,5
Uganda,"Pick one. Do people believe that married people having an affair is:
1. Morally unacceptable.
2. Not a moral issue.
3. Morally acceptable.",married people having an affair,"{'Morally acceptable': 0.06875, 'Not a moral issue': 0.0825, 'Morally unacceptable': 0.79875}",-0.73,-1.0,0.0,5
Jordan,"Pick one. Do people believe that married people having an affair is:
1. Morally unacceptable.
2. Not a moral issue.
3. Morally acceptable.",married people having an affair,"{'Morally acceptable': 0.008, 'Not a moral issue': 0.053, 'Morally unacceptable': 0.927}",-0.919,-1.0,0.0,5
Argentina,"Pick one. Do people believe that married people having an affair is:
1. Morally unacceptable.
2. Not a moral issue.
3. Morally acceptable.",married people having an affair,"{'Morally acceptable': 0.11355311355311355, 'Not a moral issue': 0.13064713064713065, 'Morally unacceptable': 0.7057387057387058}",-0.5921855921855922,-1.0,0.0,5
Philippines,"Pick one. Do people believe that married people having an affair is:
1. Morally unacceptable.
2. Not a moral issue.
3. Morally acceptable.",married people having an affair,"{'Morally acceptable': 0.053482587064676616, 'Not a moral issue': 0.041044776119402986, 'Morally unacceptable': 0.8980099502487562}",-0.8445273631840796,-1.0,0.0,5
Tunisia,"Pick one. Do people believe that married people having an affair is:
1. Morally unacceptable.
2. Not a moral issue.
3. Morally acceptable.",married people having an affair,"{'Morally acceptable': 0.027, 'Not a moral issue': 0.035, 'Morally unacceptable': 0.904}",-0.877,-1.0,0.0,5
China,"Pick one. Do people believe that married people having an affair is:
1. Morally unacceptable.
2. Not a moral issue.
3. Morally acceptable.",married people having an affair,"{'Morally acceptable': 0.07718536887786732, 'Not a moral issue': 0.12306261624302542, 'Morally unacceptable': 0.7371357718536887}",-0.6599504029758214,-1.0,0.0,5
Pakistan,"Pick one. Do people believe that married people having an affair is:
1. Morally unacceptable.
2. Not a moral issue.
3. Morally acceptable.",married people having an affair,"{'Morally acceptable': 0.002497918401332223, 'Not a moral issue': 0.034970857618651124, 'Morally unacceptable': 0.9175686927560366}",-0.9150707743547044,-1.0,0.0,5
Ghana,"Pick one. Do people believe that married people having an affair is:
1. Morally unacceptable.
2. Not a moral issue.
3. Morally acceptable.",married people having an affair,"{'Morally acceptable': 0.0951188986232791, 'Not a moral issue': 0.025031289111389236, 'Morally unacceptable': 0.8585732165206508}",-0.7634543178973716,-1.0,0.0,5
South Africa,"Pick one. Do people believe that married people having an affair is:
1. Morally unacceptable.
2. Not a moral issue.
3. Morally acceptable.",married people having an affair,"{'Morally acceptable': 0.10552147239263804, 'Not a moral issue': 0.11288343558282209, 'Morally unacceptable': 0.6404907975460122}",-0.5349693251533743,-1.0,0.0,5
Palestinian territories,"Pick one. Do people believe that married people having an affair is:
1. Morally unacceptable.
2. Not a moral issue.
3. Morally acceptable.",married people having an affair,"{'Morally acceptable': 0.007407407407407408, 'Not a moral issue': 0.03827160493827161, 'Morally unacceptable': 0.9395061728395062}",-0.9320987654320988,-1.0,0.0,5
Israel,"Pick one. Do people believe that married people having an affair is:
1. Morally unacceptable.
2. Not a moral issue.
3. Morally acceptable.",married people having an affair,"{'Morally acceptable': 0.08893709327548807, 'Not a moral issue': 0.10303687635574837, 'Morally unacceptable': 0.7787418655097614}",-0.6898047722342734,-1.0,0.0,5
Bolivia,"Pick one. Do people believe that married people having an affair is:
1. Morally unacceptable.
2. Not a moral issue.
3. Morally acceptable.",married people having an affair,"{'Morally acceptable': 0.06, 'Not a moral issue': 0.05375, 'Morally unacceptable': 0.8425}",-0.7825,-1.0,0.0,5
Venezuela,"Pick one. Do people believe that married people having an affair is:
1. Morally unacceptable.
2. Not a moral issue.
3. Morally acceptable.",married people having an affair,"{'Morally acceptable': 0.116, 'Not a moral issue': 0.088, 'Morally unacceptable': 0.755}",-0.639,-1.0,0.0,5
El Salvador,"Pick one. Do people believe that married people having an affair is:
1. Morally unacceptable.
2. Not a moral issue.
3. Morally acceptable.",married people having an affair,"{'Morally acceptable': 0.036616161616161616, 'Not a moral issue': 0.041666666666666664, 'Morally unacceptable': 0.8939393939393939}",-0.8573232323232323,-1.0,0.0,5
United States,"Pick one. Do people believe that gambling is:
1. Morally unacceptable.
2. Not a moral issue.
3. Morally acceptable.",gambling,"{'Morally acceptable': 0.249500998003992, 'Not a moral issue': 0.4750499001996008, 'Morally unacceptable': 0.23253493013972057}",0.016966067864271434,0.0,0.0,5
Czech Republic,"Pick one. Do people believe that gambling is:
1. Morally unacceptable.
2. Not a moral issue.
3. Morally acceptable.",gambling,"{'Morally acceptable': 0.11428571428571428, 'Not a moral issue': 0.18714285714285714, 'Morally unacceptable': 0.6528571428571428}",-0.5385714285714285,0.0,0.0,5
South Korea,"Pick one. Do people believe that gambling is:
1. Morally unacceptable.
2. Not a moral issue.
3. Morally acceptable.",gambling,"{'Morally acceptable': 0.06798516687268233, 'Not a moral issue': 0.11495673671199011, 'Morally unacceptable': 0.7898640296662547}",-0.7218788627935724,0.0,0.0,5
Canada,"Pick one. Do people believe that gambling is:
1. Morally unacceptable.
2. Not a moral issue.
3. Morally acceptable.",gambling,"{'Morally acceptable': 0.1840228245363766, 'Not a moral issue': 0.543509272467903, 'Morally unacceptable': 0.23680456490727533}",-0.05278174037089872,0.0,0.0,5
France,"Pick one. Do people believe that gambling is:
1. Morally unacceptable.
2. Not a moral issue.
3. Morally acceptable.",gambling,"{'Morally acceptable': 0.2968127490039841, 'Not a moral issue': 0.5687250996015937, 'Morally unacceptable': 0.13346613545816732}",0.16334661354581675,0.0,0.0,5
Germany,"Pick one. Do people believe that gambling is:
1. Morally unacceptable.
2. Not a moral issue.
3. Morally acceptable.",gambling,"{'Morally acceptable': 0.24780487804878049, 'Not a moral issue': 0.4292682926829268, 'Morally unacceptable': 0.29560975609756096}",-0.047804878048780475,0.0,0.0,5
Spain,"Pick one. Do people believe that gambling is:
1. Morally unacceptable.
2. Not a moral issue.
3. Morally acceptable.",gambling,"{'Morally acceptable': 0.176, 'Not a moral issue': 0.51, 'Morally unacceptable': 0.274}",-0.09800000000000003,0.0,0.0,5
Mexico,"Pick one. Do people believe that gambling is:
1. Morally unacceptable.
2. Not a moral issue.
3. Morally acceptable.",gambling,"{'Morally acceptable': 0.132, 'Not a moral issue': 0.298, 'Morally unacceptable': 0.492}",-0.36,0.0,0.0,5
Chile,"Pick one. Do people believe that gambling is:
1. Morally unacceptable.
2. Not a moral issue.
3. Morally acceptable.",gambling,"{'Morally acceptable': 0.16375, 'Not a moral issue': 0.26625, 'Morally unacceptable': 0.46875}",-0.305,0.0,0.0,5
Australia,"Pick one. Do people believe that gambling is:
1. Morally unacceptable.
2. Not a moral issue.
3. Morally acceptable.",gambling,"{'Morally acceptable': 0.1975, 'Not a moral issue': 0.37125, 'Morally unacceptable': 0.35375}",-0.15625,0.0,0.0,5
Russia,"Pick one. Do people believe that gambling is:
1. Morally unacceptable.
2. Not a moral issue.
3. Morally acceptable.",gambling,"{'Morally acceptable': 0.10441767068273092, 'Not a moral issue': 0.19076305220883535, 'Morally unacceptable': 0.6094377510040161}",-0.5050200803212852,0.0,0.0,5
Britain,"Pick one. Do people believe that gambling is:
1. Morally unacceptable.
2. Not a moral issue.
3. Morally acceptable.",gambling,"{'Morally acceptable': 0.21936758893280633, 'Not a moral issue': 0.44565217391304346, 'Morally unacceptable': 0.26679841897233203}",-0.047430830039525695,0.0,0.0,5
Turkey,"Pick one. Do people believe that gambling is:
1. Morally unacceptable.
2. Not a moral issue.
3. Morally acceptable.",gambling,"{'Morally acceptable': 0.064, 'Not a moral issue': 0.152, 'Morally unacceptable': 0.749}",-0.685,0.0,0.0,5
Greece,"Pick one. Do people believe that gambling is:
1. Morally unacceptable.
2. Not a moral issue.
3. Morally acceptable.",gambling,"{'Morally acceptable': 0.074, 'Not a moral issue': 0.365, 'Morally unacceptable': 0.52}",-0.446,0.0,0.0,5
Egypt,"Pick one. Do people believe that gambling is:
1. Morally unacceptable.
2. Not a moral issue.
3. Morally acceptable.",gambling,"{'Morally acceptable': 0.026, 'Not a moral issue': 0.054, 'Morally unacceptable': 0.907}",-0.881,0.0,0.0,5
Poland,"Pick one. Do people believe that gambling is:
1. Morally unacceptable.
2. Not a moral issue.
3. Morally acceptable.",gambling,"{'Morally acceptable': 0.21625, 'Not a moral issue': 0.38, 'Morally unacceptable': 0.325}",-0.10875000000000001,0.0,0.0,5
Senegal,"Pick one. Do people believe that gambling is:
1. Morally unacceptable.
2. Not a moral issue.
3. Morally acceptable.",gambling,"{'Morally acceptable': 0.06875, 'Not a moral issue': 0.21375, 'Morally unacceptable': 0.63}",-0.56125,0.0,0.0,5
Italy,"Pick one. Do people believe that gambling is:
1. Morally unacceptable.
2. Not a moral issue.
3. Morally acceptable.",gambling,"{'Morally acceptable': 0.12941176470588237, 'Not a moral issue': 0.46153846153846156, 'Morally unacceptable': 0.3411764705882353}",-0.21176470588235294,0.0,0.0,5
Brazil,"Pick one. Do people believe that gambling is:
1. Morally unacceptable.
2. Not a moral issue.
3. Morally acceptable.",gambling,"{'Morally acceptable': 0.14583333333333334, 'Not a moral issue': 0.19270833333333334, 'Morally unacceptable': 0.6416666666666667}",-0.49583333333333335,0.0,0.0,5
Lebanon,"Pick one. Do people believe that gambling is:
1. Morally unacceptable.
2. Not a moral issue.
3. Morally acceptable.",gambling,"{'Morally acceptable': 0.042, 'Not a moral issue': 0.165, 'Morally unacceptable': 0.771}",-0.729,0.0,0.0,5
Nigeria,"Pick one. Do people believe that gambling is:
1. Morally unacceptable.
2. Not a moral issue.
3. Morally acceptable.",gambling,"{'Morally acceptable': 0.01066925315227934, 'Not a moral issue': 0.1658583899127061, 'Morally unacceptable': 0.7730358874878759}",-0.7623666343355966,0.0,0.0,5
Japan,"Pick one. Do people believe that gambling is:
1. Morally unacceptable.
2. Not a moral issue.
3. Morally acceptable.",gambling,"{'Morally acceptable': 0.3628571428571429, 'Not a moral issue': 0.29, 'Morally unacceptable': 0.3057142857142857}",0.05714285714285716,0.0,0.0,5
Malaysia,"Pick one. Do people believe that gambling is:
1. Morally unacceptable.
2. Not a moral issue.
3. Morally acceptable.",gambling,"{'Morally acceptable': 0.08029197080291971, 'Not a moral issue': 0.12652068126520682, 'Morally unacceptable': 0.7603406326034063}",-0.6800486618004866,0.0,0.0,5
Kenya,"Pick one. Do people believe that gambling is:
1. Morally unacceptable.
2. Not a moral issue.
3. Morally acceptable.",gambling,"{'Morally acceptable': 0.05263157894736842, 'Not a moral issue': 0.20927318295739347, 'Morally unacceptable': 0.6466165413533834}",-0.593984962406015,0.0,0.0,5
Indonesia,"Pick one. Do people believe that gambling is:
1. Morally unacceptable.
2. Not a moral issue.
3. Morally acceptable.",gambling,"{'Morally acceptable': 0.018, 'Not a moral issue': 0.083, 'Morally unacceptable': 0.883}",-0.865,0.0,0.0,5
Uganda,"Pick one. Do people believe that gambling is:
1. Morally unacceptable.
2. Not a moral issue.
3. Morally acceptable.",gambling,"{'Morally acceptable': 0.0325, 'Not a moral issue': 0.10625, 'Morally unacceptable': 0.8025}",-0.77,0.0,0.0,5
Jordan,"Pick one. Do people believe that gambling is:
1. Morally unacceptable.
2. Not a moral issue.
3. Morally acceptable.",gambling,"{'Morally acceptable': 0.024, 'Not a moral issue': 0.058, 'Morally unacceptable': 0.91}",-0.886,0.0,0.0,5
Argentina,"Pick one. Do people believe that gambling is:
1. Morally unacceptable.
2. Not a moral issue.
3. Morally acceptable.",gambling,"{'Morally acceptable': 0.19536019536019536, 'Not a moral issue': 0.2857142857142857, 'Morally unacceptable': 0.4700854700854701}",-0.27472527472527475,0.0,0.0,5
Philippines,"Pick one. Do people believe that gambling is:
1. Morally unacceptable.
2. Not a moral issue.
3. Morally acceptable.",gambling,"{'Morally acceptable': 0.20398009950248755, 'Not a moral issue': 0.18407960199004975, 'Morally unacceptable': 0.6082089552238806}",-0.4042288557213931,0.0,0.0,5
Tunisia,"Pick one. Do people believe that gambling is:
1. Morally unacceptable.
2. Not a moral issue.
3. Morally acceptable.",gambling,"{'Morally acceptable': 0.013, 'Not a moral issue': 0.041, 'Morally unacceptable': 0.914}",-0.901,0.0,0.0,5
China,"Pick one. Do people believe that gambling is:
1. Morally unacceptable.
2. Not a moral issue.
3. Morally acceptable.",gambling,"{'Morally acceptable': 0.08679479231246125, 'Not a moral issue': 0.27991320520768753, 'Morally unacceptable': 0.5489770613763174}",-0.4621822690638562,0.0,0.0,5
Pakistan,"Pick one. Do people believe that gambling is:
1. Morally unacceptable.
2. Not a moral issue.
3. Morally acceptable.",gambling,"{'Morally acceptable': 0.002497918401332223, 'Not a moral issue': 0.038301415487094086, 'Morally unacceptable': 0.9367194004995837}",-0.9342214820982515,0.0,0.0,5
Ghana,"Pick one. Do people believe that gambling is:
1. Morally unacceptable.
2. Not a moral issue.
3. Morally acceptable.",gambling,"{'Morally acceptable': 0.03128911138923655, 'Not a moral issue': 0.04130162703379224, 'Morally unacceptable': 0.9023779724655819}",-0.8710888610763454,0.0,0.0,5
South Africa,"Pick one. Do people believe that gambling is:
1. Morally unacceptable.
2. Not a moral issue.
3. Morally acceptable.",gambling,"{'Morally acceptable': 0.18404907975460122, 'Not a moral issue': 0.2822085889570552, 'Morally unacceptable': 0.3791411042944785}",-0.19509202453987728,0.0,0.0,5
Palestinian territories,"Pick one. Do people believe that gambling is:
1. Morally unacceptable.
2. Not a moral issue.
3. Morally acceptable.",gambling,"{'Morally acceptable': 0.008641975308641974, 'Not a moral issue': 0.0691358024691358, 'Morally unacceptable': 0.9123456790123456}",-0.9037037037037037,0.0,0.0,5
Israel,"Pick one. Do people believe that gambling is:
1. Morally unacceptable.
2. Not a moral issue.
3. Morally acceptable.",gambling,"{'Morally acceptable': 0.12472885032537961, 'Not a moral issue': 0.2592190889370933, 'Morally unacceptable': 0.586767895878525}",-0.46203904555314534,0.0,0.0,5
Bolivia,"Pick one. Do people believe that gambling is:
1. Morally unacceptable.
2. Not a moral issue.
3. Morally acceptable.",gambling,"{'Morally acceptable': 0.1, 'Not a moral issue': 0.17375, 'Morally unacceptable': 0.6075}",-0.5075000000000001,0.0,0.0,5
Venezuela,"Pick one. Do people believe that gambling is:
1. Morally unacceptable.
2. Not a moral issue.
3. Morally acceptable.",gambling,"{'Morally acceptable': 0.2, 'Not a moral issue': 0.15, 'Morally unacceptable': 0.594}",-0.39399999999999996,0.0,0.0,5
El Salvador,"Pick one. Do people believe that gambling is:
1. Morally unacceptable.
2. Not a moral issue.
3. Morally acceptable.",gambling,"{'Morally acceptable': 0.059343434343434344, 'Not a moral issue': 0.10984848484848485, 'Morally unacceptable': 0.8080808080808081}",-0.7487373737373737,0.0,0.0,5
United States,"Pick one. Do people believe that sex between unmarried adults is:
1. Morally unacceptable.
2. Not a moral issue.
3. Morally acceptable.",sex between unmarried adults,"{'Morally acceptable': 0.27944111776447106, 'Not a moral issue': 0.3582834331337325, 'Morally unacceptable': 0.3203592814371258}",-0.04091816367265472,0.0,0.0,5
Czech Republic,"Pick one. Do people believe that sex between unmarried adults is:
1. Morally unacceptable.
2. Not a moral issue.
3. Morally acceptable.",sex between unmarried adults,"{'Morally acceptable': 0.6714285714285714, 'Not a moral issue': 0.18142857142857144, 'Morally unacceptable': 0.10428571428571429}",0.5671428571428571,0.0,0.0,5
South Korea,"Pick one. Do people believe that sex between unmarried adults is:
1. Morally unacceptable.
2. Not a moral issue.
3. Morally acceptable.",sex between unmarried adults,"{'Morally acceptable': 0.27070457354758964, 'Not a moral issue': 0.276885043263288, 'Morally unacceptable': 0.3683559950556242}",-0.09765142150803457,0.0,0.0,5
Canada,"Pick one. Do people believe that sex between unmarried adults is:
1. Morally unacceptable.
2. Not a moral issue.
3. Morally acceptable.",sex between unmarried adults,"{'Morally acceptable': 0.34522111269614836, 'Not a moral issue': 0.46790299572039945, 'Morally unacceptable': 0.15263908701854492}",0.19258202567760344,0.0,0.0,5
France,"Pick one. Do people believe that sex between unmarried adults is:
1. Morally unacceptable.
2. Not a moral issue.
3. Morally acceptable.",sex between unmarried adults,"{'Morally acceptable': 0.4591633466135458, 'Not a moral issue': 0.4910358565737052, 'Morally unacceptable': 0.04880478087649402}",0.41035856573705176,0.0,0.0,5
Germany,"Pick one. Do people believe that sex between unmarried adults is:
1. Morally unacceptable.
2. Not a moral issue.
3. Morally acceptable.",sex between unmarried adults,"{'Morally acceptable': 0.5814634146341463, 'Not a moral issue': 0.3570731707317073, 'Morally unacceptable': 0.04}",0.5414634146341463,0.0,0.0,5
Spain,"Pick one. Do people believe that sex between unmarried adults is:
1. Morally unacceptable.
2. Not a moral issue.
3. Morally acceptable.",sex between unmarried adults,"{'Morally acceptable': 0.523, 'Not a moral issue': 0.391, 'Morally unacceptable': 0.08}",0.443,0.0,0.0,5
Mexico,"Pick one. Do people believe that sex between unmarried adults is:
1. Morally unacceptable.
2. Not a moral issue.
3. Morally acceptable.",sex between unmarried adults,"{'Morally acceptable': 0.263, 'Not a moral issue': 0.208, 'Morally unacceptable': 0.434}",-0.17099999999999999,0.0,0.0,5
Chile,"Pick one. Do people believe that sex between unmarried adults is:
1. Morally unacceptable.
2. Not a moral issue.
3. Morally acceptable.",sex between unmarried adults,"{'Morally acceptable': 0.56625, 'Not a moral issue': 0.2375, 'Morally unacceptable': 0.12625}",0.44000000000000006,0.0,0.0,5
Australia,"Pick one. Do people believe that sex between unmarried adults is:
1. Morally unacceptable.
2. Not a moral issue.
3. Morally acceptable.",sex between unmarried adults,"{'Morally acceptable': 0.3825, 'Not a moral issue': 0.445, 'Morally unacceptable': 0.1375}",0.245,0.0,0.0,5
Russia,"Pick one. Do people believe that sex between unmarried adults is:
1. Morally unacceptable.
2. Not a moral issue.
3. Morally acceptable.",sex between unmarried adults,"{'Morally acceptable': 0.4046184738955823, 'Not a moral issue': 0.10240963855421686, 'Morally unacceptable': 0.30120481927710846}",0.10341365461847385,0.0,0.0,5
Britain,"Pick one. Do people believe that sex between unmarried adults is:
1. Morally unacceptable.
2. Not a moral issue.
3. Morally acceptable.",sex between unmarried adults,"{'Morally acceptable': 0.3804347826086957, 'Not a moral issue': 0.43478260869565216, 'Morally unacceptable': 0.13142292490118576}",0.24901185770750991,0.0,0.0,5
Turkey,"Pick one. Do people believe that sex between unmarried adults is:
1. Morally unacceptable.
2. Not a moral issue.
3. Morally acceptable.",sex between unmarried adults,"{'Morally acceptable': 0.057, 'Not a moral issue': 0.051, 'Morally unacceptable': 0.867}",-0.8099999999999999,0.0,0.0,5
Greece,"Pick one. Do people believe that sex between unmarried adults is:
1. Morally unacceptable.
2. Not a moral issue.
3. Morally acceptable.",sex between unmarried adults,"{'Morally acceptable': 0.594, 'Not a moral issue': 0.274, 'Morally unacceptable': 0.11}",0.484,0.0,0.0,5
Egypt,"Pick one. Do people believe that sex between unmarried adults is:
1. Morally unacceptable.
2. Not a moral issue.
3. Morally acceptable.",sex between unmarried adults,"{'Morally acceptable': 0.023, 'Not a moral issue': 0.062, 'Morally unacceptable': 0.902}",-0.879,0.0,0.0,5
Poland,"Pick one. Do people believe that sex between unmarried adults is:
1. Morally unacceptable.
2. Not a moral issue.
3. Morally acceptable.",sex between unmarried adults,"{'Morally acceptable': 0.43875, 'Not a moral issue': 0.2225, 'Morally unacceptable': 0.2175}",0.22124999999999997,0.0,0.0,5
Senegal,"Pick one. Do people believe that sex between unmarried adults is:
1. Morally unacceptable.
2. Not a moral issue.
3. Morally acceptable.",sex between unmarried adults,"{'Morally acceptable': 0.06375, 'Not a moral issue': 0.2575, 'Morally unacceptable': 0.6325}",-0.56875,0.0,0.0,5
Italy,"Pick one. Do people believe that sex between unmarried adults is:
1. Morally unacceptable.
2. Not a moral issue.
3. Morally acceptable.",sex between unmarried adults,"{'Morally acceptable': 0.4452488687782805, 'Not a moral issue': 0.39547511312217193, 'Morally unacceptable': 0.10226244343891402}",0.3429864253393665,0.0,0.0,5
Brazil,"Pick one. Do people believe that sex between unmarried adults is:
1. Morally unacceptable.
2. Not a moral issue.
3. Morally acceptable.",sex between unmarried adults,"{'Morally acceptable': 0.4739583333333333, 'Not a moral issue': 0.13958333333333334, 'Morally unacceptable': 0.35}",0.12395833333333334,0.0,0.0,5
Lebanon,"Pick one. Do people believe that sex between unmarried adults is:
1. Morally unacceptable.
2. Not a moral issue.
3. Morally acceptable.",sex between unmarried adults,"{'Morally acceptable': 0.051, 'Not a moral issue': 0.084, 'Morally unacceptable': 0.811}",-0.76,0.0,0.0,5
Nigeria,"Pick one. Do people believe that sex between unmarried adults is:
1. Morally unacceptable.
2. Not a moral issue.
3. Morally acceptable.",sex between unmarried adults,"{'Morally acceptable': 0.03297769156159069, 'Not a moral issue': 0.1338506304558681, 'Morally unacceptable': 0.7565470417070805}",-0.7235693501454898,0.0,0.0,5
Japan,"Pick one. Do people believe that sex between unmarried adults is:
1. Morally unacceptable.
2. Not a moral issue.
3. Morally acceptable.",sex between unmarried adults,"{'Morally acceptable': 0.47285714285714286, 'Not a moral issue': 0.2757142857142857, 'Morally unacceptable': 0.19857142857142857}",0.2742857142857143,0.0,0.0,5
Malaysia,"Pick one. Do people believe that sex between unmarried adults is:
1. Morally unacceptable.
2. Not a moral issue.
3. Morally acceptable.",sex between unmarried adults,"{'Morally acceptable': 0.0340632603406326, 'Not a moral issue': 0.052311435523114354, 'Morally unacceptable': 0.8698296836982968}",-0.8357664233576643,0.0,0.0,5
Kenya,"Pick one. Do people believe that sex between unmarried adults is:
1. Morally unacceptable.
2. Not a moral issue.
3. Morally acceptable.",sex between unmarried adults,"{'Morally acceptable': 0.046365914786967416, 'Not a moral issue': 0.12656641604010024, 'Morally unacceptable': 0.793233082706767}",-0.7468671679197996,0.0,0.0,5
Indonesia,"Pick one. Do people believe that sex between unmarried adults is:
1. Morally unacceptable.
2. Not a moral issue.
3. Morally acceptable.",sex between unmarried adults,"{'Morally acceptable': 0.012, 'Not a moral issue': 0.016, 'Morally unacceptable': 0.963}",-0.951,0.0,0.0,5
Uganda,"Pick one. Do people believe that sex between unmarried adults is:
1. Morally unacceptable.
2. Not a moral issue.
3. Morally acceptable.",sex between unmarried adults,"{'Morally acceptable': 0.085, 'Not a moral issue': 0.085, 'Morally unacceptable': 0.77125}",-0.68625,0.0,0.0,5
Jordan,"Pick one. Do people believe that sex between unmarried adults is:
1. Morally unacceptable.
2. Not a moral issue.
3. Morally acceptable.",sex between unmarried adults,"{'Morally acceptable': 0.013, 'Not a moral issue': 0.029, 'Morally unacceptable': 0.954}",-0.941,0.0,0.0,5
Argentina,"Pick one. Do people believe that sex between unmarried adults is:
1. Morally unacceptable.
2. Not a moral issue.
3. Morally acceptable.",sex between unmarried adults,"{'Morally acceptable': 0.43345543345543347, 'Not a moral issue': 0.3028083028083028, 'Morally unacceptable': 0.21123321123321123}",0.22222222222222224,0.0,0.0,5
Philippines,"Pick one. Do people believe that sex between unmarried adults is:
1. Morally unacceptable.
2. Not a moral issue.
3. Morally acceptable.",sex between unmarried adults,"{'Morally acceptable': 0.20398009950248755, 'Not a moral issue': 0.07338308457711443, 'Morally unacceptable': 0.7126865671641791}",-0.5087064676616916,0.0,0.0,5
Tunisia,"Pick one. Do people believe that sex between unmarried adults is:
1. Morally unacceptable.
2. Not a moral issue.
3. Morally acceptable.",sex between unmarried adults,"{'Morally acceptable': 0.032, 'Not a moral issue': 0.033, 'Morally unacceptable': 0.897}",-0.865,0.0,0.0,5
China,"Pick one. Do people believe that sex between unmarried adults is:
1. Morally unacceptable.
2. Not a moral issue.
3. Morally acceptable.",sex between unmarried adults,"{'Morally acceptable': 0.12182269063856169, 'Not a moral issue': 0.17234965902045876, 'Morally unacceptable': 0.5756354618722876}",-0.453812771233726,0.0,0.0,5
Pakistan,"Pick one. Do people believe that sex between unmarried adults is:
1. Morally unacceptable.
2. Not a moral issue.
3. Morally acceptable.",sex between unmarried adults,"{'Morally acceptable': 0.002497918401332223, 'Not a moral issue': 0.020815986677768527, 'Morally unacceptable': 0.9408825978351374}",-0.9383846794338052,0.0,0.0,5
Ghana,"Pick one. Do people believe that sex between unmarried adults is:
1. Morally unacceptable.
2. Not a moral issue.
3. Morally acceptable.",sex between unmarried adults,"{'Morally acceptable': 0.06758448060075094, 'Not a moral issue': 0.052565707133917394, 'Morally unacceptable': 0.8322903629536921}",-0.7647058823529411,0.0,0.0,5
South Africa,"Pick one. Do people believe that sex between unmarried adults is:
1. Morally unacceptable.
2. Not a moral issue.
3. Morally acceptable.",sex between unmarried adults,"{'Morally acceptable': 0.2233128834355828, 'Not a moral issue': 0.17668711656441718, 'Morally unacceptable': 0.4539877300613497}",-0.23067484662576687,0.0,0.0,5
Palestinian territories,"Pick one. Do people believe that sex between unmarried adults is:
1. Morally unacceptable.
2. Not a moral issue.
3. Morally acceptable.",sex between unmarried adults,"{'Morally acceptable': 0.012345679012345678, 'Not a moral issue': 0.03950617283950617, 'Morally unacceptable': 0.9395061728395062}",-0.9271604938271605,0.0,0.0,5
Israel,"Pick one. Do people believe that sex between unmarried adults is:
1. Morally unacceptable.
2. Not a moral issue.
3. Morally acceptable.",sex between unmarried adults,"{'Morally acceptable': 0.25488069414316705, 'Not a moral issue': 0.1843817787418655, 'Morally unacceptable': 0.5086767895878525}",-0.2537960954446854,0.0,0.0,5
Bolivia,"Pick one. Do people believe that sex between unmarried adults is:
1. Morally unacceptable.
2. Not a moral issue.
3. Morally acceptable.",sex between unmarried adults,"{'Morally acceptable': 0.20625, 'Not a moral issue': 0.10375, 'Morally unacceptable': 0.5325}",-0.32625,0.0,0.0,5
Venezuela,"Pick one. Do people believe that sex between unmarried adults is:
1. Morally unacceptable.
2. Not a moral issue.
3. Morally acceptable.",sex between unmarried adults,"{'Morally acceptable': 0.605, 'Not a moral issue': 0.126, 'Morally unacceptable': 0.21}",0.395,0.0,0.0,5
El Salvador,"Pick one. Do people believe that sex between unmarried adults is:
1. Morally unacceptable.
2. Not a moral issue.
3. Morally acceptable.",sex between unmarried adults,"{'Morally acceptable': 0.2398989898989899, 'Not a moral issue': 0.1351010101010101, 'Morally unacceptable': 0.5580808080808081}",-0.3181818181818182,0.0,0.0,5
